travel_days,photo_num,person_num_qinzi,title_length,playmode1,playmode2,read_num_transformed
-0.236350849,0.965414891,0,-0.83153805,1,1,13.04115332
-0.236350849,4.408446474,0,-0.246124139,1,1,10.34174248
1.098274138,1.335065521,0,-0.246124139,1,0,10.46310334
-0.236350849,0.542957028,0,0.534427743,0,1,9.305650552
0.208524147,0.173306398,0,1.314979626,1,1,9.852194258
0.653399142,2.919282507,0,-0.63640008,0,1,8.782169426
1.098274138,0.500711241,0,-0.441262109,0,1,8.941152882
-0.236350849,0.65913294,0,-1.026676021,1,0,8.084562415
-0.681225844,0.162744951,0,-0.83153805,0,1,8.753371421
-0.236350849,0.817554639,0,-0.246124139,1,0,10.37349118
-0.681225844,0.078253378,0,0.144151802,1,1,9.392661929
-0.236350849,-0.333643038,0,-0.63640008,1,1,7.719573989
0.208524147,-0.354765931,0,1.314979626,0,1,8.827468113
-0.236350849,-0.249151465,0,1.510117596,1,1,8.533263372
0.208524147,-0.217467126,1,0.339289773,1,0,9.798127037
1.098274138,0.078253378,0,0.339289773,1,0,9.472704636
0.208524147,0.373973883,0,-1.416951962,0,1,8.105609402
0.208524147,0.078253378,0,1.510117596,1,1,9.392661929
-0.236350849,-0.016799641,0,0.144151802,1,0,8.853951102
0.653399142,1.02878357,0,-0.63640008,1,0,8.3854887
-0.236350849,-0.249151465,0,-0.441262109,1,0,8.441822884
0.208524147,-0.101291213,0,-0.441262109,1,1,9.61580548
-0.681225844,-0.354765931,0,-0.63640008,0,1,8.777709596
1.098274138,0.067691932,0,-0.63640008,1,1,8.050065423
-0.236350849,-0.228028572,0,-1.026676021,1,0,8.456806041
-0.681225844,-0.090729767,0,-1.416951962,1,1,8.242493153
-0.236350849,-0.280835805,0,-0.441262109,1,0,7.877776333
-0.681225844,-0.51318763,0,1.314979626,1,0,8.407155086
-1.12610084,-0.354765931,0,-0.050986168,1,1,9.184201714
-0.236350849,0.6274486,1,-0.441262109,0,1,8.29729437
0.208524147,-0.48150329,0,0.144151802,1,1,7.574558484
-0.236350849,0.120499165,0,-0.83153805,1,1,7.79893331
0.208524147,0.300043757,0,-1.026676021,1,0,8.166500319
0.208524147,0.057130485,0,1.119841655,1,1,8.433811582
0.208524147,-0.787785241,0,-1.416951962,0,1,7.563200592
-0.236350849,0.405658222,0,-0.246124139,1,0,7.841492924
-0.236350849,-0.692732221,0,-1.416951962,0,1,7.921172722
-0.236350849,-0.154098446,0,-1.612089932,1,1,8.118505068
-1.570975835,-0.333643038,0,0.729565714,1,1,9.028338764
-1.570975835,-0.04848398,0,-0.246124139,1,0,8.368693183
-0.681225844,-0.354765931,0,0.339289773,0,1,8.470520783
0.653399142,1.884260743,0,-1.416951962,0,1,7.556950572
-0.236350849,-0.143537,0,-0.246124139,0,1,8.409830673
-0.681225844,-0.386450271,0,-0.83153805,1,1,8.169336396
0.208524147,-0.88283826,0,-0.441262109,1,1,8.736971085
-1.12610084,-0.323081591,0,1.119841655,1,1,11.14186178
-0.236350849,-0.397011717,0,0.534427743,0,1,7.931644021
-0.236350849,-0.365327378,0,0.729565714,1,1,8.963160243
-1.570975835,-0.175221339,0,-0.83153805,1,1,7.764720545
0.208524147,-0.587117756,0,-1.416951962,1,0,7.564238475
0.653399142,-0.830031027,0,-0.63640008,1,1,8.086410275
-1.12610084,-0.81946958,0,0.144151802,1,1,7.565793282
-1.12610084,-0.766662347,0,-0.246124139,0,1,8.782629655
0.208524147,0.194429291,0,-1.221813991,0,1,8.035278911
-0.236350849,0.521834135,0,-1.416951962,1,1,7.599901959
0.208524147,-0.650486435,0,0.729565714,1,1,8.037543185
0.208524147,-0.44981895,1,-1.416951962,1,1,8.304247465
-0.681225844,-0.671609328,0,-0.63640008,0,1,7.997663127
-0.236350849,-0.523749076,0,0.144151802,0,1,8.174139343
0.208524147,-0.914522599,0,-1.612089932,0,1,7.519692404
-0.236350849,-0.808908134,0,1.314979626,1,1,8.189799619
-0.681225844,0.278920863,1,1.900393537,1,1,6.675823222
-0.681225844,-0.534310523,0,0.339289773,0,1,8.281977059
-0.236350849,-0.016799641,0,0.924703684,1,1,8.169336396
-1.12610084,-0.777223794,0,-0.050986168,1,0,8.981052986
0.208524147,-0.618802095,0,-1.026676021,1,1,7.905441649
0.208524147,-0.523749076,0,-0.246124139,1,1,7.719573989
-1.12610084,-0.724416561,0,0.729565714,0,1,8.974111581
0.208524147,-0.439257504,0,-0.050986168,1,1,8.035602693
0.653399142,-0.323081591,0,0.534427743,1,0,7.701200181
-0.681225844,-0.756100901,0,-0.050986168,1,0,7.360103973
-0.236350849,-0.787785241,0,0.144151802,1,1,7.368339686
-0.236350849,-0.280835805,1,-0.83153805,1,0,7.789454566
-0.236350849,-0.523749076,0,1.314979626,0,1,7.632885505
0.653399142,-0.016799641,0,-0.63640008,0,1,7.685703061
0.208524147,-0.354765931,0,-1.221813991,1,1,7.603897969
-0.681225844,-0.460380397,0,-0.050986168,1,1,8.125926803
-0.681225844,-0.470941843,0,-0.441262109,1,1,7.942717541
0.208524147,-0.059045427,0,-1.416951962,1,1,7.961370202
0.208524147,-0.523749076,0,-1.026676021,0,1,7.686162303
-0.236350849,-0.407573164,0,-0.246124139,1,0,8.175266104
-0.681225844,-0.682170775,1,1.119841655,0,1,8.652772486
-0.681225844,-0.386450271,0,-0.83153805,0,1,8.603921195
0.653399142,-0.734978008,0,-0.246124139,1,1,7.5416831
-0.681225844,-0.428696057,0,-0.63640008,1,1,7.866338923
-0.236350849,-0.492064737,0,0.534427743,1,0,7.190676034
-1.12610084,-0.650486435,0,-0.246124139,0,1,8.23562572
-0.236350849,-0.745539454,0,-1.026676021,0,1,7.81197343
-1.12610084,-0.830031027,0,0.534427743,1,0,7.71154898
-2.015850831,-0.756100901,0,-0.441262109,1,1,7.094234846
0.653399142,-0.935645493,0,-0.050986168,1,1,7.347299701
-1.570975835,-0.333643038,0,-0.63640008,1,0,7.909489493
-0.681225844,-0.787785241,0,0.144151802,0,1,7.242797923
-0.681225844,-0.682170775,0,1.119841655,0,1,8.498010372
-0.236350849,-0.671609328,0,-1.026676021,1,0,8.815815204
-0.681225844,-0.798346687,0,-1.416951962,0,1,7.397561536
-0.236350849,-0.597679202,0,-1.416951962,0,1,7.273092596
-0.236350849,-0.661047882,0,-0.246124139,0,1,8.083945702
-0.681225844,-0.903961153,0,-0.83153805,1,0,6.689599269
-1.570975835,-0.925084046,0,-0.441262109,0,1,6.964135612
-0.236350849,-0.88283826,0,0.729565714,1,0,7.063903961
-0.236350849,-0.81946958,0,-1.416951962,1,0,7.143617603
-0.681225844,-0.830031027,0,-1.026676021,1,0,8.59396903
-1.12610084,-0.798346687,0,1.510117596,1,0,7.458186157
-0.681225844,-0.798346687,0,0.144151802,1,0,9.903487553
-0.681225844,-0.777223794,0,-0.441262109,1,1,8.937612591
-0.236350849,-0.41813461,0,-0.246124139,0,1,7.115582126
-1.570975835,-0.734978008,0,-0.83153805,0,1,8.246958033
0.208524147,-0.935645493,1,-0.441262109,0,1,8.301769763
-2.015850831,-0.935645493,0,-0.83153805,0,1,7.427144133
-0.681225844,-0.756100901,0,-0.246124139,1,1,7.501634458
-0.236350849,2.1694198,0,0.534427743,1,1,9.392661929
-0.236350849,-0.830031027,0,-1.612089932,0,1,6.792344427
0.208524147,4.535183833,0,0.729565714,1,1,8.491875383
-0.681225844,-0.650486435,0,0.144151802,1,1,8.538758969
0.208524147,0.785870299,0,0.144151802,1,1,10.23995979
-0.681225844,-0.745539454,0,1.119841655,1,0,7.764720545
0.653399142,-0.48150329,0,-0.83153805,0,1,8.029107055
0.653399142,4.366200688,0,0.534427743,1,1,11.2515607
1.543149133,2.750299362,1,0.144151802,0,1,10.96819829
-0.681225844,1.366749861,0,-0.246124139,1,1,9.903487553
1.543149133,1.567417345,0,1.510117596,1,0,8.84332645
-0.681225844,1.007660677,0,2.095531508,1,1,8.725669706
-0.236350849,2.074366781,0,1.119841655,0,1,8.02289687
1.543149133,1.356188414,0,1.510117596,1,1,9.546812609
1.098274138,1.556855899,1,-0.050986168,1,1,8.865029187
-0.681225844,1.250573948,0,-0.246124139,1,1,10.04324949
-0.236350849,2.475701751,1,1.314979626,0,1,10.04324949
1.543149133,1.894822189,1,1.314979626,1,1,10.04324949
0.208524147,0.469026902,0,1.510117596,1,1,8.978156076
0.208524147,0.965414891,0,-0.050986168,0,1,8.887928819
0.208524147,0.574641367,0,1.119841655,0,1,9.852194258
0.208524147,-0.386450271,0,-0.246124139,1,1,8.02289687
-2.015850831,-0.301958698,0,-1.416951962,1,1,8.771680359
0.653399142,0.099376272,0,1.314979626,0,1,8.29729437
0.653399142,1.535733006,0,-0.441262109,1,1,7.96797318
1.098274138,0.131060611,1,1.314979626,1,1,8.700014623
1.098274138,-0.344204484,0,0.144151802,1,0,10.04324949
1.098274138,-0.291397252,0,1.314979626,1,1,8.654865997
0.208524147,0.405658222,0,1.510117596,0,1,9.546812609
-0.236350849,0.6274486,0,0.534427743,1,1,8.440312147
1.098274138,0.204990737,1,1.314979626,0,1,8.413165121
1.098274138,-0.365327378,0,-0.63640008,0,1,7.911690521
1.098274138,1.588540239,0,3.461497301,1,1,9.060331105
-0.236350849,1.197766715,0,-0.441262109,1,0,9.546812609
-0.236350849,-0.713855115,1,-0.441262109,0,1,8.908153613
-0.681225844,-0.51318763,0,0.729565714,0,1,10.16585182
1.543149133,-0.745539454,0,1.119841655,0,1,8.410943392
1.098274138,0.300043757,0,0.924703684,1,1,8.330863613
1.098274138,-0.301958698,0,0.534427743,1,1,7.557994959
0.653399142,-0.375888824,0,-0.63640008,0,1,8.676075516
0.208524147,-0.238590019,0,0.924703684,1,1,8.545391846
0.208524147,1.377311307,0,-0.441262109,1,0,8.579604452
-0.236350849,-0.597679202,0,1.314979626,1,1,9.305650552
-0.681225844,-0.344204484,0,-1.026676021,0,1,8.54694615
-0.236350849,0.817554639,0,-0.050986168,0,1,8.391176351
-0.236350849,-0.016799641,0,1.510117596,0,1,7.858254182
0.653399142,-0.397011717,1,1.314979626,1,1,8.649623979
1.098274138,0.891484765,0,0.729565714,1,1,8.211211362
0.653399142,-0.470941843,0,1.510117596,0,1,9.740968623
-0.236350849,-0.291397252,0,0.729565714,0,1,7.384610383
-1.570975835,0.004323252,0,0.729565714,1,0,8.878358041
-0.681225844,-0.523749076,0,0.534427743,0,1,8.547722396
0.208524147,0.954853444,0,-1.807227903,0,1,7.944492164
0.653399142,0.078253378,0,-2.002365873,0,1,8.498010372
0.208524147,0.384535329,0,0.534427743,1,1,8.249313746
0.653399142,0.743624513,0,-1.026676021,0,1,7.933079772
0.653399142,-0.386450271,0,1.510117596,0,1,7.918628653
0.208524147,-0.587117756,0,0.144151802,0,1,7.412160335
-0.236350849,-0.576556309,0,1.510117596,0,1,8.030084094
-0.681225844,-0.270274358,0,1.510117596,1,0,7.595387279
0.208524147,-0.365327378,0,-1.026676021,1,0,9.852194258
-1.12610084,-0.04848398,0,0.534427743,0,1,8.517593111
-1.12610084,-0.671609328,0,-0.246124139,0,1,8.443115988
-0.681225844,0.310605203,0,-1.026676021,0,1,8.63212773
-0.236350849,-0.48150329,1,1.510117596,1,1,11.71177632
1.098274138,0.32116665,1,-1.612089932,1,1,10.49127422
0.208524147,-0.238590019,0,-1.026676021,1,1,7.998671361
0.208524147,-0.164659893,0,0.534427743,1,1,7.89469085
1.543149133,-0.724416561,1,0.924703684,1,0,7.342779189
-1.12610084,-0.724416561,0,-0.246124139,0,1,7.397561536
0.208524147,-0.354765931,0,1.510117596,1,1,7.586803535
0.653399142,-0.08016832,0,1.314979626,1,1,7.534762657
-1.12610084,-0.534310523,0,0.339289773,0,1,7.31986493
-1.12610084,-0.04848398,0,-0.441262109,0,1,7.391415235
-0.236350849,-0.196344232,0,1.119841655,0,1,7.63385356
0.208524147,-0.037922534,1,1.510117596,0,1,8.154500175
0.653399142,-0.143537,0,-0.441262109,0,1,8.033009499
1.098274138,-0.407573164,0,1.510117596,0,1,7.745002804
0.208524147,-0.175221339,0,-0.63640008,0,1,8.192293731
0.653399142,-0.51318763,0,1.314979626,0,1,7.884199934
-0.236350849,-0.576556309,0,-1.612089932,1,0,7.389563954
-0.236350849,-0.132975553,0,-0.83153805,0,1,8.691314552
-0.236350849,0.194429291,0,-1.026676021,1,1,8.854379459
0.653399142,-0.618802095,0,-1.612089932,1,0,7.703459048
0.208524147,-0.470941843,0,1.314979626,0,1,7.6118424
0.653399142,-0.534310523,0,0.339289773,0,1,7.707961532
0.653399142,-0.692732221,1,0.729565714,0,1,7.802209316
-0.681225844,-0.639924989,0,0.534427743,1,0,8.02975852
-1.570975835,-0.787785241,1,-1.416951962,1,0,7.333676396
0.653399142,0.078253378,0,-1.416951962,0,1,7.708410667
1.988024129,2.496824644,0,-0.63640008,0,1,9.740968623
1.098274138,0.975976337,0,-0.050986168,1,1,9.952277717
-0.236350849,0.373973883,0,1.314979626,1,1,10.40426284
1.543149133,1.218889609,0,0.144151802,1,1,10.23995979
1.098274138,0.162744951,0,1.510117596,0,1,10.20359214
1.988024129,1.09215225,0,-1.612089932,1,1,8.212297138
0.653399142,0.437342562,0,-0.63640008,1,1,9.01225522
1.098274138,-0.270274358,0,0.729565714,0,1,8.761706768
-0.681225844,0.278920863,0,1.314979626,1,1,9.063115652
0.208524147,-0.470941843,0,-1.612089932,0,1,7.852439085
-0.681225844,0.880923318,0,-1.026676021,1,1,8.431417414
1.988024129,0.469026902,0,1.510117596,0,1,8.786762208
-0.236350849,-0.354765931,0,1.119841655,0,1,8.979920412
1.098274138,-0.661047882,0,-1.026676021,1,1,9.472704636
1.098274138,0.247236524,0,-0.63640008,0,1,9.952277717
1.098274138,-0.027361087,0,1.314979626,0,1,9.852194258
-0.236350849,-0.249151465,0,-0.441262109,0,1,8.361007108
-0.236350849,-0.291397252,0,-0.83153805,0,1,8.970432074
-0.681225844,-0.291397252,0,0.729565714,0,1,8.329899293
-1.12610084,-0.037922534,0,0.924703684,0,1,9.472704636
-1.12610084,-0.41813461,0,-1.807227903,0,1,7.83715965
1.543149133,-0.713855115,0,1.510117596,0,1,7.531552381
1.543149133,-0.439257504,0,0.924703684,0,1,8.306965865
-0.236350849,-0.397011717,0,0.729565714,1,0,7.564757013
-0.236350849,-0.185782786,0,0.924703684,0,1,8.679822115
0.208524147,-0.312520145,0,1.119841655,0,1,9.028098812
1.098274138,-0.206905679,0,0.339289773,0,1,8.03592637
1.098274138,-0.428696057,0,-0.050986168,1,1,7.828436359
0.653399142,0.25779797,0,-0.83153805,1,1,7.428927195
-0.236350849,-0.312520145,0,1.314979626,1,0,8.525756422
-1.12610084,-0.41813461,0,1.119841655,1,0,7.271008538
0.208524147,-0.154098446,0,0.924703684,0,1,9.472704636
0.208524147,-0.840592473,1,-1.026676021,0,1,7.512617545
0.208524147,-0.301958698,0,0.534427743,0,1,7.462789157
-0.236350849,0.426781115,0,0.924703684,0,1,7.941295571
-0.681225844,-0.397011717,0,0.339289773,0,1,7.190676034
-2.015850831,-0.861715367,0,-0.63640008,1,1,7.677400431
-1.570975835,-0.85115392,0,0.339289773,0,1,7.424165281
1.543149133,-0.523749076,0,0.534427743,1,1,9.305650552
-1.12610084,-0.903961153,0,-0.63640008,1,1,7.357556201
0.208524147,-0.51318763,0,-1.221813991,0,1,7.014814351
0.653399142,-0.935645493,0,-1.416951962,0,1,8.679652119
1.543149133,-0.766662347,0,1.314979626,0,1,9.952277717
-1.12610084,-0.830031027,0,-1.416951962,1,1,7.013915475
-1.570975835,-0.830031027,0,-0.63640008,1,1,6.746412129
-0.236350849,-0.787785241,0,-1.612089932,0,1,6.826545224
-1.12610084,-0.375888824,0,0.534427743,0,1,7.365812837
1.098274138,-0.682170775,0,0.534427743,1,1,7.463363046
0.208524147,-0.713855115,0,-0.441262109,0,1,7.224753406
-1.12610084,-0.777223794,0,-1.221813991,0,1,8.569975377
-0.236350849,-0.861715367,0,-1.416951962,0,1,8.355379895
-1.570975835,-0.872276813,1,0.534427743,0,1,7.020190708
-1.570975835,-0.85115392,0,1.510117596,0,1,6.892641641
1.098274138,0.69081728,0,0.534427743,1,1,8.538367427
-1.570975835,-0.925084046,0,0.144151802,0,1,6.436150368
1.543149133,1.113275143,0,1.119841655,1,1,8.46019947
1.988024129,-0.132975553,0,1.119841655,1,1,8.951699168
0.208524147,1.049906463,0,1.119841655,1,1,8.325063694
-0.236350849,-0.280835805,0,1.119841655,1,0,7.803026644
0.208524147,0.743624513,0,1.119841655,0,1,9.210340372
0.653399142,0.32116665,0,1.510117596,0,1,9.472704636
1.543149133,1.641347472,0,1.314979626,0,1,7.716015267
1.098274138,2.708053576,0,-0.63640008,0,1,9.472704636
1.098274138,0.32116665,0,0.339289773,0,1,7.811568489
0.208524147,-0.059045427,0,-1.026676021,1,1,7.684324068
0.208524147,-0.629363542,0,0.534427743,0,1,9.179571838
0.653399142,-0.534310523,0,0.339289773,0,1,7.754910272
0.653399142,0.437342562,0,0.729565714,0,1,9.903487553
1.098274138,0.342289543,0,-1.221813991,1,1,8.582231588
1.098274138,2.613000556,0,0.924703684,0,1,9.392661929
1.988024129,0.416219669,0,0.534427743,1,1,8.027150107
1.098274138,1.197766715,0,-0.246124139,0,1,8.171316875
1.543149133,-0.196344232,0,-0.63640008,0,1,7.364547014
1.543149133,-0.259712912,0,-0.63640008,1,1,9.798127037
-1.570975835,0.902046211,0,-1.612089932,1,1,7.730614066
1.543149133,-0.397011717,0,1.510117596,1,0,8.463792415
1.098274138,0.754185959,0,0.534427743,0,1,8.44569719
0.208524147,0.28948231,0,-0.050986168,0,1,7.887584032
1.988024129,-0.407573164,0,1.510117596,1,1,7.665753432
-0.236350849,0.437342562,0,-0.246124139,0,1,9.680344001
0.208524147,-0.661047882,0,0.339289773,0,1,10.4341158
1.098274138,-0.44981895,0,-1.026676021,1,1,8.187577396
0.653399142,-0.122414106,0,1.510117596,1,1,8.488587934
-0.681225844,-0.185782786,0,0.144151802,0,1,8.239329428
-0.236350849,0.701378726,0,1.510117596,0,1,7.438971592
0.653399142,0.014884699,0,-0.050986168,1,1,7.463363046
-1.570975835,-0.935645493,0,0.144151802,0,1,7.190676034
1.543149133,-0.618802095,0,1.314979626,0,1,7.60339934
1.098274138,-0.428696057,0,-0.246124139,1,1,7.059617628
1.543149133,-0.81946958,0,-0.441262109,1,1,7.248504072
0.208524147,-0.724416561,0,0.339289773,0,1,7.284134806
0.208524147,-0.08016832,0,-0.050986168,0,1,8.898365607
-0.236350849,-0.312520145,0,0.339289773,0,1,8.58876939
-0.681225844,-0.555433416,0,1.510117596,0,1,8.099857911
1.988024129,-0.661047882,0,0.534427743,0,1,7.507690078
0.653399142,-0.397011717,0,-0.63640008,0,1,7.203405521
1.098274138,-0.903961153,0,0.144151802,1,1,6.875232087
0.208524147,-0.935645493,0,-0.441262109,0,1,7.432483808
0.653399142,-0.650486435,0,0.144151802,1,1,7.527793988
1.988024129,0.796431746,0,-0.441262109,0,1,8.86644062
-0.236350849,-0.903961153,0,0.534427743,0,1,8.497398564
-0.236350849,-0.798346687,0,1.119841655,1,1,8.952605376
1.988024129,-0.925084046,0,-0.83153805,0,1,7.01571242
1.543149133,-0.544871969,0,0.729565714,1,1,9.852194258
0.208524147,-0.618802095,0,1.314979626,0,1,9.680344001
0.208524147,1.271696841,0,1.510117596,1,1,9.680344001
-0.236350849,0.743624513,0,0.924703684,1,1,9.210340372
-0.681225844,-0.555433416,0,0.729565714,0,1,8.248529125
0.653399142,0.437342562,0,0.534427743,1,1,9.680344001
-0.236350849,0.99709923,0,-0.441262109,0,1,8.511979624
-0.236350849,0.099376272,0,0.339289773,0,1,9.305650552
0.208524147,0.25779797,0,1.314979626,1,1,8.957896735
-0.681225844,-0.798346687,0,-0.441262109,1,0,8.342839804
0.653399142,-0.777223794,1,-0.441262109,0,1,9.546812609
-0.236350849,1.071029356,0,-0.83153805,1,1,8.746239288
-0.681225844,1.06046791,0,-0.63640008,1,1,7.889459149
1.098274138,-0.344204484,1,0.534427743,1,1,9.133999139
-0.236350849,-0.185782786,0,0.534427743,1,1,7.863266724
0.653399142,-0.597679202,0,-1.612089932,1,1,8.405591015
0.208524147,-0.48150329,0,-0.050986168,0,1,8.851520272
1.098274138,-0.154098446,0,-1.026676021,0,1,8.209580483
-0.681225844,0.152183505,0,0.729565714,0,1,9.392661929
-0.236350849,-0.88283826,0,-1.026676021,0,1,7.33171497
1.098274138,0.131060611,0,-0.050986168,0,1,8.311398278
-0.681225844,-0.270274358,0,0.729565714,0,1,8.048468744
-0.236350849,-0.502626183,0,1.314979626,1,1,7.768110379
0.208524147,-0.44981895,0,1.119841655,0,1,7.816819966
-0.236350849,-0.555433416,0,-1.026676021,1,1,7.719573989
-0.236350849,-0.439257504,0,-0.441262109,0,1,7.311886164
0.653399142,0.342289543,0,-0.441262109,0,1,8.566173814
-0.236350849,-0.280835805,0,0.924703684,1,1,8.089175679
1.543149133,-0.587117756,0,1.314979626,1,1,8.077757564
-0.236350849,-0.724416561,1,-0.63640008,0,1,8.585972707
0.653399142,-0.301958698,0,0.339289773,0,1,11.00209984
1.098274138,-0.41813461,0,0.534427743,1,1,7.362010551
-2.015850831,-0.925084046,0,0.144151802,0,1,7.875499292
0.208524147,-0.08016832,0,-0.63640008,0,1,7.556427969
0.653399142,-0.756100901,0,-1.026676021,0,1,7.734558844
0.208524147,-0.808908134,0,-0.441262109,0,1,7.617267814
0.208524147,-0.745539454,0,-1.026676021,0,1,8.069968149
0.208524147,-0.925084046,0,-1.026676021,0,1,7.715569535
-0.236350849,-0.830031027,0,-1.221813991,1,0,7.492760301
0.653399142,1.641347472,0,-0.63640008,0,1,8.074026216
-0.236350849,-0.576556309,0,0.729565714,0,1,7.249925537
-0.681225844,-0.872276813,0,-0.246124139,1,1,10.30895266
-0.681225844,-0.259712912,0,0.339289773,0,1,9.126741348
-0.681225844,-0.492064737,0,0.924703684,0,1,7.558516743
-0.236350849,-0.925084046,1,-1.221813991,0,1,8.107720062
0.208524147,0.701378726,0,1.510117596,0,1,8.586905804
0.208524147,-0.935645493,0,-0.83153805,1,1,6.88550967
0.208524147,-0.11185266,0,-1.612089932,0,1,7.657755271
1.098274138,-0.122414106,1,-0.441262109,0,1,8.176391597
-0.236350849,-0.164659893,0,1.510117596,0,1,8.093156698
0.208524147,0.595764261,0,-1.026676021,1,1,9.680344001
-0.236350849,-0.734978008,0,-1.416951962,0,1,5.686975356
-1.570975835,-0.935645493,0,0.339289773,0,1,7.209340257
0.208524147,-0.830031027,0,-0.441262109,1,0,7.954723334
0.208524147,-0.04848398,0,1.119841655,0,1,8.08147504
-0.681225844,-0.428696057,0,-0.441262109,1,1,9.305650552
-0.236350849,-0.11185266,0,0.534427743,0,1,7.834788107
1.098274138,-0.692732221,1,0.924703684,0,1,7.690286021
1.098274138,-0.460380397,0,-0.441262109,1,1,7.588323677
1.098274138,-0.565994863,0,0.534427743,0,1,7.684783944
0.208524147,-0.238590019,0,1.119841655,1,1,8.67419694
0.653399142,-0.143537,1,-0.63640008,1,0,9.61580548
0.208524147,0.046569039,0,-0.83153805,1,0,8.822911626
1.988024129,0.775308852,0,1.510117596,1,0,8.171882006
-0.236350849,0.616887154,0,-1.416951962,0,1,8.216088099
1.988024129,1.387872754,0,-1.612089932,0,1,8.416267273
1.543149133,0.99709923,0,0.339289773,0,1,8.768885326
0.653399142,-0.11185266,0,-0.050986168,0,1,8.575273402
1.543149133,-0.41813461,0,1.314979626,1,1,10.04324949
0.653399142,1.049906463,0,-0.246124139,0,1,8.51318517
1.988024129,1.134398036,0,1.119841655,0,1,9.024251729
1.098274138,0.363412436,0,0.339289773,1,1,10.23995979
1.098274138,-0.259712912,0,1.119841655,1,1,7.62900389
1.098274138,-0.460380397,0,1.119841655,0,1,10.98529272
-1.570975835,-0.164659893,0,0.144151802,0,1,7.877397186
0.208524147,0.891484765,0,1.510117596,1,0,8.176391597
-0.236350849,-0.280835805,0,-0.050986168,0,1,7.80588204
-1.12610084,-0.88283826,0,-1.416951962,0,1,7.69211334
-0.681225844,-0.44981895,0,0.144151802,0,1,7.800572655
0.208524147,-0.830031027,0,-0.63640008,0,1,7.362010551
-1.570975835,-0.597679202,0,1.510117596,0,1,6.792344427
1.988024129,-0.185782786,0,0.534427743,0,1,8.216088099
-0.681225844,-0.217467126,1,-0.83153805,1,1,9.472704636
0.208524147,-0.777223794,0,-0.246124139,0,1,8.770904744
-1.12610084,-0.587117756,0,-1.612089932,0,1,7.747164967
-1.570975835,-0.81946958,0,0.534427743,1,0,7.230563153
-0.681225844,-0.745539454,0,0.729565714,0,1,7.880426344
-0.681225844,-0.639924989,0,-0.050986168,0,1,8.058643712
1.098274138,-0.534310523,0,0.924703684,0,1,8.113127104
-0.236350849,-0.037922534,0,-0.63640008,0,1,7.583756301
0.653399142,-0.132975553,0,4.632325124,0,1,7.341483852
-0.681225844,-0.576556309,0,0.339289773,0,1,8.440528106
-1.570975835,-0.840592473,1,1.314979626,0,1,7.619233416
-0.236350849,-0.41813461,0,-1.416951962,0,1,7.145196135
-0.681225844,-0.925084046,0,0.729565714,0,1,7.33171497
1.098274138,4.461253707,0,-1.026676021,1,1,11.75194237
0.653399142,3.943742825,0,1.119841655,0,1,9.798127037
-0.236350849,2.032120995,1,0.339289773,1,0,11.1844214
-0.236350849,0.933730551,1,0.534427743,1,1,9.740968623
-0.236350849,3.024896973,0,-0.63640008,1,0,9.472704636
0.208524147,0.395096776,0,-1.026676021,1,1,9.004053938
-0.681225844,0.25779797,0,0.534427743,0,1,8.827614751
-0.236350849,-0.270274358,0,-1.416951962,1,0,8.548304186
-0.236350849,-0.587117756,0,-0.441262109,1,1,9.998797732
-0.681225844,0.743624513,0,-1.026676021,1,1,9.472704636
1.988024129,-0.206905679,0,-1.026676021,0,1,8.484049973
-0.236350849,0.395096776,0,-0.63640008,1,1,9.392661929
1.988024129,-0.249151465,0,-0.63640008,1,1,8.994668836
-0.236350849,0.109937718,0,-1.416951962,1,0,9.205930663
0.653399142,-0.08016832,0,-0.83153805,1,0,8.968396191
-0.681225844,-0.11185266,0,0.144151802,1,1,10.69194491
0.208524147,0.72250162,0,-0.83153805,1,1,9.546812609
-0.236350849,0.363412436,0,-0.246124139,1,1,10.08580911
0.653399142,-0.787785241,0,1.119841655,1,1,8.193123722
-1.12610084,-0.090729767,0,0.534427743,1,1,7.177782416
-0.681225844,-0.576556309,0,0.534427743,1,0,8.314587291
-1.12610084,-0.48150329,0,1.510117596,1,0,8.891374009
-0.236350849,-0.565994863,0,0.534427743,1,0,8.971829344
-1.12610084,-0.534310523,0,-0.441262109,0,1,9.952277717
-0.236350849,-0.291397252,0,0.144151802,0,1,7.360739903
-0.236350849,1.556855899,0,0.144151802,1,0,8.750683035
-1.570975835,-0.291397252,0,0.339289773,0,1,8.710619528
-0.236350849,-0.81946958,1,-1.026676021,1,0,10.87804719
-0.236350849,-0.587117756,0,-1.416951962,1,0,8.108623268
-1.12610084,-0.787785241,0,-0.83153805,1,0,8.59674347
-1.570975835,-0.935645493,0,-1.416951962,1,1,7.855157006
-1.12610084,0.458465455,0,-0.63640008,0,1,7.76937861
-1.12610084,-0.935645493,0,-1.612089932,0,1,7.522400231
1.988024129,1.715277598,0,-0.441262109,1,1,9.472704636
-1.12610084,-0.777223794,0,1.314979626,1,1,9.114930187
-0.681225844,-0.713855115,0,-1.221813991,0,1,7.72753511
-1.12610084,-0.872276813,0,-1.416951962,1,0,7.393263095
0.208524147,-0.544871969,0,0.534427743,1,0,8.613048677
-0.236350849,0.036007592,0,-0.63640008,1,0,8.672486076
-0.236350849,-0.143537,0,-0.63640008,1,0,7.660585462
-0.236350849,-0.713855115,1,-0.441262109,1,0,9.062768008
0.208524147,-0.629363542,0,0.339289773,1,1,7.811163385
-0.236350849,1.3984342,0,-1.026676021,1,0,6.875232087
-1.12610084,-0.703293668,0,-0.050986168,1,0,7.620214771
1.543149133,1.472364326,0,-0.63640008,1,1,11.00209984
1.543149133,-0.185782786,0,1.510117596,0,1,8.192847135
-0.236350849,0.574641367,0,0.534427743,1,1,10.54534144
1.098274138,0.141622058,0,1.314979626,1,1,8.449556543
0.208524147,0.458465455,0,-1.026676021,1,1,8.976641307
1.543149133,0.025446146,0,-1.026676021,1,1,7.828436359
1.543149133,0.405658222,0,-0.246124139,0,1,7.706612914
0.208524147,0.616887154,0,0.339289773,0,1,10.30895266
0.653399142,0.479588348,0,2.290669478,1,1,9.740968623
-1.570975835,0.342289543,0,-0.63640008,1,1,6.390240667
1.988024129,1.746961937,0,-1.221813991,0,1,10.93310697
-1.12610084,-0.734978008,0,0.144151802,1,1,8.23164218
-1.12610084,-0.407573164,0,-1.416951962,1,0,8.273846933
-0.236350849,3.753636786,0,-0.441262109,1,1,9.903487553
-0.681225844,-0.903961153,0,-0.83153805,1,0,7.621195163
0.653399142,-0.164659893,0,1.119841655,1,0,8.226305988
1.543149133,0.733063066,0,-0.441262109,0,1,9.210340372
0.653399142,0.194429291,0,-1.612089932,1,1,8.04494705
1.543149133,0.817554639,0,0.534427743,1,1,8.796036315
-1.12610084,-0.323081591,0,0.924703684,0,1,7.571988449
1.543149133,-0.618802095,0,0.144151802,1,1,9.049819445
1.543149133,3.362863263,0,1.314979626,0,1,9.903487553
1.988024129,1.641347472,0,0.144151802,1,1,9.903487553
1.988024129,0.796431746,0,-0.441262109,0,1,8.86644062
1.988024129,0.986537784,0,-0.441262109,1,0,9.210340372
1.543149133,0.595764261,0,0.729565714,0,1,8.609590041
0.653399142,1.504048666,0,1.705255567,0,1,8.960981174
1.098274138,0.014884699,0,1.119841655,0,1,8.158802491
-1.570975835,3.890935592,0,1.119841655,1,0,8.74925684
1.543149133,0.109937718,0,1.119841655,0,1,9.852194258
1.988024129,0.469026902,0,0.144151802,0,1,7.9683195
1.988024129,0.490149795,0,-0.83153805,0,1,8.186464429
1.988024129,1.76808483,0,-0.63640008,1,1,8.50795061
-0.681225844,-0.597679202,0,-1.612089932,0,1,8.33302994
0.653399142,0.32116665,0,1.510117596,0,1,9.472704636
1.988024129,2.116612567,0,-0.83153805,1,1,9.118882761
1.098274138,1.683593258,0,0.729565714,0,1,8.533263372
1.543149133,0.131060611,0,-0.441262109,1,1,8.699514748
1.098274138,0.32116665,0,0.339289773,0,1,7.811568489
1.543149133,-0.259712912,0,-0.050986168,0,1,7.780720886
1.988024129,0.743624513,0,0.534427743,1,1,9.047703788
1.098274138,0.521834135,0,-0.441262109,0,1,7.923710334
1.543149133,-0.016799641,0,0.144151802,1,0,7.609862201
1.098274138,-0.544871969,0,0.729565714,0,1,7.473069088
1.988024129,0.078253378,0,-1.612089932,0,1,8.823647949
0.653399142,1.049906463,0,-0.246124139,0,1,8.51318517
0.653399142,-0.006238194,0,-0.050986168,1,1,8.567886306
1.543149133,1.715277598,0,-0.63640008,0,1,8.73809423
1.098274138,1.197766715,0,-0.246124139,0,1,8.171316875
1.988024129,-0.323081591,1,-0.63640008,1,1,8.216358332
0.653399142,0.743624513,0,-0.050986168,0,1,9.305650552
1.098274138,0.300043757,0,0.144151802,1,1,10.27505111
0.653399142,0.72250162,0,-0.441262109,1,0,7.986844901
-0.681225844,-0.175221339,0,1.119841655,0,1,8.149890544
1.098274138,-0.249151465,0,0.729565714,0,1,8.341171747
0.208524147,0.014884699,0,-1.612089932,0,1,7.731930722
1.988024129,-0.861715367,1,1.510117596,0,1,7.845807503
1.543149133,0.490149795,0,1.510117596,0,1,7.848153086
0.653399142,-0.661047882,0,0.534427743,1,1,7.722677516
1.543149133,-0.534310523,0,1.314979626,1,1,7.785720897
-1.12610084,-0.840592473,0,0.729565714,0,1,7.759187439
-0.236350849,0.701378726,0,1.510117596,0,1,7.438971592
1.988024129,-0.935645493,0,1.510117596,0,1,7.35436233
1.543149133,-0.618802095,0,1.314979626,0,1,7.60339934
0.208524147,-0.808908134,0,1.510117596,0,1,7.186144305
-1.12610084,-0.81946958,0,-0.63640008,1,1,7.074116816
1.988024129,1.482925773,0,0.144151802,0,1,8.226038429
1.988024129,-0.365327378,0,-0.63640008,0,1,7.811568489
1.543149133,-0.48150329,0,0.729565714,1,1,7.463936604
1.543149133,-0.206905679,0,-1.026676021,1,1,7.605890001
1.543149133,-0.81946958,0,-0.441262109,1,1,7.248504072
1.098274138,-0.301958698,1,-1.416951962,0,1,7.470793774
1.988024129,0.99709923,0,-1.026676021,1,0,8.28273588
1.543149133,-0.375888824,0,1.510117596,0,1,8.201385955
0.208524147,0.352850989,0,0.144151802,1,1,8.132118773
1.543149133,-0.323081591,0,-1.612089932,0,1,7.303170051
-1.12610084,-0.745539454,0,-0.63640008,1,0,7.98752448
-0.236350849,-0.872276813,0,0.339289773,0,1,8.276649125
1.988024129,-0.576556309,0,1.119841655,1,1,7.697575347
1.543149133,-0.576556309,0,-0.63640008,0,1,6.997595983
0.208524147,0.870361872,0,-0.441262109,0,1,10.46310334
-0.681225844,0.923169104,0,0.144151802,0,1,9.472704636
-1.12610084,0.490149795,0,-1.026676021,0,1,9.61580548
-0.681225844,1.43011854,0,-1.612089932,1,0,8.540323609
0.208524147,0.743624513,0,-0.246124139,1,1,9.546812609
-1.12610084,-0.344204484,0,-1.026676021,0,1,10.62132735
-0.681225844,0.785870299,0,1.119841655,1,1,9.210340372
-0.681225844,-0.661047882,0,0.339289773,0,1,7.431891917
-0.236350849,-0.259712912,0,0.729565714,1,1,8.136810864
-0.681225844,-0.090729767,0,0.924703684,1,1,9.798127037
0.208524147,-0.85115392,0,0.144151802,0,1,8.074960359
-1.12610084,-0.502626183,0,0.144151802,1,0,7.884576511
-0.681225844,0.141622058,0,-0.63640008,1,1,9.798127037
-0.681225844,-0.597679202,0,1.510117596,0,1,8.102283624
-1.12610084,1.197766715,0,-0.441262109,0,0,9.305650552
0.208524147,0.395096776,0,1.510117596,1,0,9.392661929
0.208524147,1.208328162,1,1.314979626,0,1,10.37349118
-0.236350849,0.859800425,0,1.314979626,1,1,9.472704636
-0.236350849,0.014884699,0,2.87608339,0,1,9.903487553
-0.236350849,0.733063066,0,-0.441262109,1,0,8.838841813
0.208524147,-0.439257504,0,0.924703684,0,1,9.852194258
1.988024129,1.757523384,0,-1.612089932,1,1,9.047821442
1.988024129,0.109937718,1,0.339289773,0,1,9.852194258
-1.12610084,-0.724416561,0,1.314979626,0,1,10.04324949
-0.681225844,-0.312520145,0,0.144151802,0,1,10.20359214
-1.12610084,-0.618802095,0,-0.050986168,1,0,6.251903883
-0.681225844,-0.04848398,0,0.729565714,1,1,8.765770544
-0.236350849,-0.291397252,0,-0.246124139,0,1,8.547140268
-1.12610084,-0.365327378,0,-0.050986168,0,1,7.765569081
-0.681225844,0.743624513,0,0.144151802,0,1,8.441391478
-0.236350849,-0.164659893,0,-0.441262109,1,0,8.108924156
-0.681225844,0.215552184,0,0.534427743,0,1,8.019941688
1.543149133,-0.217467126,0,1.314979626,0,1,8.199464198
-0.681225844,0.870361872,0,-0.050986168,1,1,8.954802753
0.653399142,0.437342562,0,-0.050986168,1,1,9.61580548
-1.12610084,0.680255833,0,-0.441262109,1,1,10.59663473
-0.236350849,0.69081728,0,3.461497301,1,0,9.004668302
-0.681225844,0.173306398,0,-0.441262109,0,1,9.210340372
-0.236350849,0.131060611,0,0.534427743,1,0,9.210340372
-0.236350849,0.532395581,0,0.339289773,1,0,9.998797732
0.208524147,-0.502626183,0,-0.441262109,1,0,10.66895539
1.098274138,0.247236524,0,-0.441262109,1,1,9.184612223
-0.236350849,-0.534310523,1,-1.416951962,0,1,9.472704636
0.208524147,-0.587117756,0,1.119841655,1,0,9.852194258
-1.570975835,0.036007592,0,0.339289773,1,1,8.361941906
-2.015850831,-0.51318763,1,0.339289773,1,1,10.6454249
-1.12610084,-0.270274358,0,-0.246124139,1,0,9.61580548
-0.681225844,0.131060611,0,-1.416951962,1,1,8.836373931
-0.681225844,-0.175221339,0,-1.416951962,0,1,8.098946749
-1.12610084,-0.534310523,1,-0.050986168,1,1,9.392661929
1.988024129,0.004323252,0,-1.807227903,0,1,7.247080585
-0.681225844,-0.301958698,0,-1.026676021,0,1,9.61580548
-1.570975835,-0.756100901,0,-1.026676021,1,0,8.862341964
-0.236350849,-0.492064737,0,1.119841655,0,1,8.250881145
-1.12610084,-0.713855115,0,-0.63640008,0,1,7.532623619
0.208524147,-0.777223794,0,-1.416951962,1,1,7.658227526
0.208524147,-0.597679202,0,-0.63640008,1,0,8.496990484
-0.681225844,-0.745539454,1,-1.026676021,0,1,8.070906089
-1.570975835,-0.935645493,0,0.144151802,0,1,8.095598701
-1.570975835,-0.745539454,0,-2.002365873,1,0,7.333676396
-1.570975835,-0.228028572,0,-0.83153805,1,1,8.256866849
0.653399142,-0.154098446,0,-0.050986168,1,0,7.400009517
-0.236350849,-0.618802095,1,-0.050986168,1,1,8.006700845
-1.12610084,-0.713855115,0,-1.221813991,0,1,7.880048201
-1.12610084,-0.692732221,0,-0.050986168,0,1,8.254528882
0.653399142,0.057130485,0,0.534427743,1,1,9.546812609
1.543149133,0.025446146,0,-1.026676021,1,1,7.828436359
1.543149133,0.405658222,0,-0.246124139,0,1,7.706612914
-1.12610084,0.120499165,0,0.339289773,1,1,8.799058379
0.653399142,0.72250162,0,1.314979626,1,1,8.863332833
1.988024129,0.416219669,0,0.534427743,1,1,8.027150107
-0.681225844,-0.41813461,0,0.729565714,0,1,10.87804719
0.653399142,-0.016799641,0,-0.63640008,0,1,9.140132477
-0.681225844,-0.85115392,1,-0.63640008,1,1,6.263398263
0.208524147,0.796431746,0,0.729565714,0,1,8.938662874
-1.12610084,0.131060611,1,0.729565714,0,1,8.124446856
1.098274138,-0.470941843,0,0.729565714,1,0,7.399398083
-1.12610084,0.236675077,0,0.924703684,1,1,9.798127037
0.208524147,0.236675077,0,-0.246124139,1,0,8.19007705
0.208524147,-0.692732221,0,-0.441262109,0,1,8.687273462
0.208524147,-0.639924989,0,0.339289773,0,1,8.267705665
-2.015850831,-0.935645493,0,-0.246124139,1,0,5.707110265
-0.236350849,-0.756100901,0,-1.026676021,1,1,6.949856455
-0.681225844,-0.787785241,0,0.924703684,1,1,9.472704636
-0.681225844,-0.597679202,0,-1.416951962,1,1,7.294377299
-0.236350849,-0.386450271,0,0.144151802,1,0,7.341483852
1.543149133,-0.217467126,0,1.314979626,0,1,8.199464198
0.653399142,-0.069606874,0,-1.612089932,1,1,8.560827228
-0.236350849,-0.650486435,0,-0.441262109,0,1,7.930565854
0.208524147,-0.724416561,0,-1.807227903,1,0,6.403574198
-1.12610084,-0.502626183,0,-1.416951962,0,1,7.286191715
1.098274138,-0.935645493,1,-0.441262109,1,1,7.142827401
0.208524147,-0.914522599,1,-0.441262109,1,0,6.843749949
-1.570975835,-0.766662347,0,-1.416951962,0,1,6.558197803
-0.681225844,-0.840592473,0,-0.83153805,0,1,7.440733707
-1.12610084,-0.713855115,0,1.314979626,1,1,7.664346632
-2.015850831,-0.893399706,0,-1.416951962,1,0,6.177944114
0.208524147,-0.935645493,0,-0.63640008,1,0,6.822197391
-0.681225844,0.870361872,0,0.924703684,0,1,9.740968623
0.208524147,0.395096776,0,-0.441262109,0,1,10.27505111
-1.12610084,-0.291397252,0,-0.83153805,0,1,8.096512918
-1.12610084,-0.492064737,0,1.314979626,0,1,10.4341158
-1.12610084,1.166082376,0,-0.83153805,0,1,9.305650552
-1.570975835,-0.756100901,0,0.534427743,0,1,9.078978054
-1.12610084,-0.671609328,0,1.314979626,0,1,8.927314111
-1.12610084,-0.470941843,0,-0.050986168,0,1,8.196712407
-0.681225844,-0.661047882,0,1.314979626,0,1,9.305650552
-0.681225844,-0.798346687,0,0.924703684,1,1,8.433594168
-1.12610084,-0.597679202,0,-0.63640008,0,1,7.846198815
-1.12610084,-0.745539454,0,0.924703684,1,1,8.217438538
-1.570975835,-0.671609328,0,0.924703684,0,1,7.884576511
-1.570975835,-0.597679202,0,0.924703684,0,1,7.758760544
-1.570975835,-0.682170775,0,1.314979626,1,1,7.681560363
-0.236350849,-0.935645493,0,-1.026676021,0,1,7.502738211
-0.681225844,-0.41813461,0,0.729565714,0,1,10.87804719
-1.12610084,-0.734978008,0,-0.246124139,0,1,8.383890344
-1.12610084,-0.608240649,0,-1.416951962,0,1,8.046869511
0.208524147,0.236675077,0,-0.246124139,1,0,8.19007705
-1.12610084,-0.81946958,0,-0.63640008,1,1,8.53542596
1.098274138,1.76808483,0,0.924703684,1,1,9.090430075
0.208524147,2.021559548,0,1.705255567,1,1,8.638702609
1.988024129,10.34397945,0,1.314979626,1,0,8.228710799
1.098274138,-0.154098446,1,-0.63640008,1,1,8.441607204
0.208524147,-0.555433416,0,0.729565714,1,0,7.444248649
1.098274138,-0.470941843,0,0.729565714,1,0,7.399398083
0.208524147,-0.323081591,0,-0.441262109,1,1,8.433376705
-0.681225844,-0.85115392,1,-0.63640008,1,1,6.263398263
1.543149133,-0.777223794,0,-0.63640008,1,0,7.939515261
1.543149133,-0.41813461,0,-1.221813991,0,1,8.032360148
1.098274138,-0.185782786,0,0.144151802,0,1,8.748622322
-0.681225844,-0.787785241,0,0.924703684,1,1,9.472704636
-2.015850831,-0.766662347,0,-0.441262109,0,1,6.951772164
-1.570975835,-0.935645493,0,0.144151802,0,1,8.095598701
-0.681225844,-0.872276813,0,-1.221813991,0,1,6.504288174
-1.570975835,-0.893399706,0,0.144151802,0,1,6.426488457
-1.12610084,-0.914522599,0,1.510117596,1,1,7.424761762
-1.570975835,-0.872276813,0,-0.246124139,1,0,7.063048163
-1.570975835,-0.903961153,0,-1.612089932,0,1,6.423246964
-0.681225844,-0.935645493,0,-1.221813991,0,1,6.11368218
-0.681225844,-0.935645493,0,0.729565714,1,0,7.061334367
-0.681225844,-0.914522599,0,-1.416951962,0,1,6.790097236
-0.236350849,2.454578858,0,-0.050986168,1,1,10.57131693
-0.236350849,0.183867844,0,0.534427743,1,0,9.798127037
0.208524147,0.173306398,1,0.729565714,1,0,9.546812609
0.653399142,-0.587117756,0,-0.246124139,0,1,9.305650552
-0.681225844,-0.238590019,0,0.924703684,0,1,9.305650552
0.208524147,-0.027361087,0,-0.63640008,1,0,8.498621806
-0.236350849,1.419557093,0,-0.83153805,1,0,8.821289805
-1.12610084,-0.132975553,0,1.705255567,0,1,8.482394686
-0.681225844,-0.217467126,0,-1.026676021,1,1,9.175024027
-0.681225844,-0.798346687,0,-0.83153805,1,0,8.055792451
-1.12610084,-0.492064737,0,0.729565714,1,1,8.248529125
0.208524147,0.014884699,0,-1.026676021,1,1,8.284504227
1.098274138,2.623562003,0,4.632325124,1,1,10.37349118
-0.681225844,0.183867844,0,-1.221813991,1,0,8.111628078
-0.681225844,0.014884699,0,0.144151802,1,1,9.61580548
-1.12610084,-0.671609328,0,-1.416951962,0,1,9.210340372
-1.12610084,0.078253378,0,-1.026676021,1,1,9.903487553
-0.681225844,1.261135395,0,-1.221813991,0,1,7.023758955
-0.681225844,-0.48150329,0,0.534427743,1,1,7.782807263
0.208524147,-0.069606874,0,0.924703684,1,1,8.336150816
-0.681225844,-0.502626183,0,-0.441262109,1,0,8.026823576
-0.681225844,-0.323081591,0,-1.416951962,1,0,9.61580548
-1.12610084,-0.354765931,0,0.144151802,1,1,8.279443488
-1.12610084,-0.344204484,0,-0.246124139,1,1,8.508354243
-0.681225844,-0.375888824,0,-1.221813991,1,1,7.774015077
-0.236350849,-0.354765931,0,-0.441262109,1,0,7.919719761
-0.681225844,-0.523749076,0,-1.026676021,1,1,7.909489493
-1.12610084,-0.671609328,0,-1.416951962,1,0,8.051659557
-2.015850831,-0.724416561,0,-1.612089932,1,0,7.145984468
-0.236350849,-0.629363542,0,1.119841655,1,1,7.252762418
-0.236350849,1.630786025,0,0.729565714,1,1,10.20359214
-2.015850831,-0.766662347,0,0.534427743,1,1,6.879355804
1.988024129,1.06046791,0,-0.441262109,1,1,8.72955887
0.208524147,-0.650486435,0,-1.416951962,0,1,7.607878073
-0.236350849,-0.830031027,0,-0.83153805,1,0,8.14293601
1.543149133,4.355639241,0,1.510117596,1,0,9.149421957
1.098274138,1.535733006,0,1.510117596,1,0,9.392661929
1.988024129,0.775308852,0,1.510117596,1,0,8.171882006
1.098274138,1.535733006,0,-0.63640008,1,1,8.266678443
-1.570975835,-0.745539454,0,-0.83153805,0,1,7.275172319
1.988024129,0.204990737,0,-1.026676021,0,1,8.202482447
1.543149133,-0.41813461,0,1.314979626,1,1,10.04324949
1.098274138,0.109937718,0,-0.441262109,1,1,9.472704636
0.653399142,-0.280835805,0,0.339289773,1,1,9.150908788
0.208524147,-0.259712912,0,0.534427743,1,1,7.19142933
-1.570975835,0.057130485,0,-0.83153805,1,1,8.134174272
0.208524147,0.046569039,0,0.339289773,1,1,7.917900586
1.098274138,0.458465455,1,0.534427743,0,1,9.305650552
1.098274138,-0.925084046,0,1.510117596,1,0,7.229113878
-1.570975835,-0.576556309,0,-0.050986168,0,1,7.511524648
0.653399142,-0.713855115,0,-0.441262109,1,1,7.520776415
-1.570975835,-0.830031027,0,-1.026676021,1,1,8.368229038
-0.236350849,-0.587117756,0,-0.63640008,1,1,6.993015123
-1.570975835,-0.914522599,0,-1.026676021,0,1,6.356107661
-0.681225844,-0.925084046,0,1.119841655,0,1,7.613818685
-0.681225844,-0.872276813,0,-0.83153805,0,1,6.156978986
-1.12610084,-0.756100901,0,-0.83153805,0,1,5.955837369
-1.12610084,-0.682170775,0,-0.83153805,1,1,10.66895539
0.208524147,-0.840592473,0,-0.246124139,1,1,7.645397699
0.208524147,-0.840592473,0,-1.221813991,1,1,6.721425701
-0.681225844,-0.935645493,0,-0.83153805,1,0,6.964135612
-1.12610084,2.1694198,0,-0.050986168,1,1,11.35040654
-0.236350849,1.947629422,0,1.119841655,1,1,9.095041748
1.098274138,-0.217467126,0,-1.612089932,0,1,8.311398278
-1.570975835,0.363412436,0,1.314979626,1,1,9.740968623
-0.236350849,0.226113631,0,-0.050986168,1,0,9.061144066
-1.12610084,0.6274486,0,-0.050986168,1,1,9.009936308
-1.12610084,0.004323252,0,0.729565714,0,1,8.637993892
-1.570975835,-0.365327378,1,-0.246124139,1,1,8.480529207
0.208524147,2.887598167,0,-1.416951962,1,1,8.364275085
-0.681225844,-0.534310523,1,-0.050986168,1,1,8.242229891
1.988024129,-0.439257504,1,-1.221813991,0,1,8.700347735
-1.570975835,-0.671609328,0,-0.246124139,0,1,7.069874128
-1.12610084,-0.555433416,0,1.510117596,0,1,7.944492164
-1.570975835,-0.777223794,0,1.314979626,0,1,8.102586425
-0.681225844,-0.618802095,0,-0.246124139,0,1,7.709308333
-1.12610084,-0.671609328,0,0.144151802,0,1,7.800982071
0.208524147,-0.312520145,0,-0.050986168,1,1,7.529406458
-1.570975835,-0.81946958,0,-1.221813991,0,1,7.510430556
-1.12610084,-0.270274358,0,-0.63640008,1,1,8.060540047
-1.12610084,-0.777223794,0,-0.83153805,1,1,8.157370441
-2.015850831,-0.914522599,0,-0.441262109,0,1,6.907755279
-0.681225844,0.65913294,0,-1.612089932,1,1,9.125653564
1.988024129,0.891484765,0,-0.050986168,0,1,9.680344001
0.653399142,-0.228028572,0,0.534427743,1,0,8.060855753
0.208524147,0.986537784,0,1.314979626,0,1,8.416046009
0.208524147,0.363412436,0,0.534427743,0,1,8.260751355
-0.681225844,-0.502626183,0,1.314979626,1,1,10.81977828
-0.681225844,1.166082376,0,0.729565714,1,1,8.27512163
1.543149133,1.873699296,0,1.314979626,1,1,8.904222737
1.098274138,2.665807789,0,-1.612089932,0,1,8.763897007
1.098274138,0.194429291,0,0.729565714,0,1,9.03539157
1.543149133,3.024896973,1,3.07122136,1,1,8.530306831
1.988024129,0.817554639,0,0.534427743,1,1,8.136518252
1.543149133,0.99709923,0,0.339289773,0,1,8.768885326
1.988024129,1.757523384,0,-1.612089932,1,1,9.047821442
1.543149133,0.785870299,0,0.729565714,1,1,8.631949429
1.543149133,1.715277598,0,-0.050986168,0,1,8.443546651
0.653399142,0.733063066,0,-1.612089932,1,1,7.971776123
-1.12610084,0.088814825,0,-0.050986168,0,1,9.852194258
0.208524147,0.120499165,0,-0.441262109,1,1,7.726653665
-1.12610084,0.500711241,0,2.095531508,1,1,8.224163513
0.653399142,0.384535329,0,-0.63640008,1,1,7.766840537
0.653399142,0.384535329,0,-1.612089932,0,1,8.15536212
-1.12610084,-0.44981895,0,-0.441262109,1,0,8.372860821
0.653399142,-0.48150329,0,1.510117596,1,1,8.599326021
0.208524147,0.65913294,0,1.510117596,1,0,8.717190933
0.653399142,0.247236524,0,1.119841655,1,1,8.094073148
-1.570975835,-0.734978008,0,-0.63640008,0,1,7.843848638
-1.12610084,0.416219669,0,-0.63640008,1,1,8.26898821
1.543149133,-0.08016832,0,0.924703684,1,1,8.276649125
-0.681225844,-0.555433416,0,-1.416951962,1,1,7.607878073
1.543149133,-0.798346687,0,-1.026676021,1,0,7.474772182
-0.236350849,-0.555433416,0,0.339289773,1,0,7.494430215
1.098274138,-0.48150329,0,-1.612089932,0,1,7.598399329
1.543149133,-0.935645493,0,1.119841655,1,0,7.87207398
-1.570975835,-0.787785241,0,-0.246124139,0,1,5.846438775
-0.236350849,3.447354836,0,0.924703684,1,1,11.36210258
-0.236350849,0.923169104,0,2.095531508,1,1,8.918382505
0.208524147,0.733063066,0,-0.246124139,1,0,8.685246776
-0.681225844,-0.344204484,0,1.314979626,1,1,9.740968623
-1.570975835,1.651908918,0,0.534427743,1,0,8.685246776
1.098274138,-0.470941843,0,1.119841655,1,1,8.894121641
-0.681225844,0.247236524,0,1.900393537,0,1,9.054621797
-0.236350849,0.215552184,0,-1.221813991,1,0,8.919586921
0.208524147,-0.734978008,0,1.314979626,1,1,8.800264651
-1.570975835,-0.059045427,0,0.339289773,1,0,9.121399863
1.543149133,0.226113631,0,-1.416951962,1,1,8.850374304
-0.681225844,0.500711241,0,-1.026676021,1,0,9.546812609
-0.681225844,-0.629363542,0,-1.807227903,0,1,8.270525095
-0.236350849,0.817554639,1,1.510117596,1,1,10.1266311
-0.681225844,-0.608240649,0,0.144151802,1,0,8.45616849
-1.12610084,0.648571494,0,-1.026676021,0,1,8.3854887
-0.681225844,-0.397011717,0,-0.441262109,0,1,8.07121854
0.208524147,0.046569039,0,-0.246124139,1,1,10.16585182
0.208524147,-0.090729767,0,-1.026676021,1,0,8.150467912
0.208524147,0.680255833,0,-0.246124139,1,0,9.060795735
-0.236350849,-0.259712912,0,0.729565714,1,0,8.08147504
-1.570975835,-0.587117756,0,-0.246124139,1,1,11.06663836
-0.681225844,-0.164659893,0,0.924703684,0,1,9.148039346
0.653399142,-0.238590019,0,0.729565714,0,1,8.752423404
-1.12610084,-0.196344232,0,-1.807227903,0,1,8.228443883
0.208524147,-0.650486435,1,-1.026676021,1,0,10.16585182
-1.12610084,-0.428696057,0,-1.026676021,1,1,8.699514748
1.098274138,-0.08016832,0,-1.026676021,0,1,8.253488028
-1.12610084,-0.798346687,0,0.339289773,1,0,7.941651253
-1.12610084,-0.608240649,0,-0.441262109,1,1,8.072779333
-0.236350849,0.648571494,0,1.119841655,1,1,8.357962966
-0.681225844,-0.249151465,0,-0.246124139,0,1,8.13123655
-0.236350849,-0.270274358,0,-1.612089932,1,0,7.475905969
-0.681225844,-0.830031027,0,0.924703684,1,0,9.200492036
-0.236350849,-0.534310523,0,-0.63640008,1,0,7.554858521
0.208524147,-0.935645493,0,-0.63640008,0,1,8.186464429
-0.681225844,-0.407573164,0,-1.026676021,0,1,9.084777149
-0.681225844,-0.639924989,0,-0.83153805,0,1,6.774223886
-0.236350849,-0.428696057,0,-0.63640008,0,1,7.765993079
-0.681225844,-0.492064737,0,0.144151802,0,1,8.062432792
-0.681225844,-0.639924989,0,-0.050986168,1,1,9.054621797
-0.681225844,-0.270274358,0,-1.612089932,1,0,7.843064017
-2.015850831,-0.41813461,0,1.510117596,0,1,8.080546966
0.653399142,-0.798346687,1,-1.612089932,1,1,7.661997559
-0.681225844,-0.692732221,0,-1.416951962,0,1,10.4341158
-0.236350849,-0.597679202,0,0.144151802,1,0,7.906547232
-1.570975835,-0.777223794,0,-0.441262109,1,1,8.336150816
0.208524147,-0.787785241,0,-1.416951962,0,1,8.286521374
-0.681225844,-0.724416561,0,0.339289773,0,1,10.46310334
-0.681225844,-0.703293668,0,-0.83153805,0,1,7.754052639
-0.681225844,-0.935645493,1,-1.221813991,0,1,8.966356155
-2.015850831,-0.639924989,0,0.729565714,1,0,7.390181428
-1.12610084,-0.777223794,0,-0.050986168,0,1,8.455955882
1.098274138,2.021559548,0,0.924703684,1,1,8.879750799
-0.681225844,2.549631877,0,1.510117596,0,1,9.798127037
0.653399142,-0.81946958,0,-0.441262109,1,0,7.825245291
0.653399142,2.422894518,0,0.534427743,0,1,9.00146948
0.208524147,-0.576556309,1,0.534427743,1,1,9.392661929
1.543149133,4.587991066,0,-0.050986168,0,1,8.496378052
1.988024129,-0.11185266,0,0.339289773,1,0,8.56674497
-0.236350849,-0.154098446,0,-0.83153805,0,1,8.350666241
0.208524147,0.838677532,0,1.119841655,1,0,8.974997713
1.098274138,-0.639924989,0,-0.83153805,1,1,7.838343316
-0.236350849,0.300043757,0,1.510117596,0,1,8.898911906
1.098274138,0.711940173,0,-0.441262109,1,1,8.342839804
-0.236350849,-0.565994863,0,0.729565714,1,1,8.588024372
-0.236350849,-0.407573164,0,-0.050986168,0,1,8.231376046
1.098274138,-0.692732221,0,-0.63640008,0,1,7.899895323
-1.12610084,-0.766662347,0,-1.612089932,1,0,7.409136444
0.653399142,-0.016799641,1,1.119841655,1,1,8.444837529
1.988024129,-0.397011717,0,-0.050986168,1,1,8.397282895
0.653399142,-0.238590019,0,0.144151802,1,0,7.933438388
0.208524147,-0.682170775,0,0.534427743,1,1,7.733245647
0.653399142,-0.766662347,0,-1.807227903,1,1,8.353497099
-0.681225844,-0.756100901,0,1.314979626,0,1,7.643482907
0.653399142,-0.059045427,0,-0.050986168,0,1,7.961718816
0.653399142,-0.217467126,0,0.534427743,0,1,8.549660382
0.208524147,-0.935645493,0,0.534427743,1,1,7.784889296
-1.12610084,-0.893399706,0,-1.026676021,0,1,6.65929392
0.208524147,-0.713855115,0,0.339289773,1,1,7.425953657
1.988024129,2.898159614,0,0.534427743,0,1,8.55101474
1.543149133,0.912607658,0,0.339289773,1,0,9.305650552
1.098274138,1.504048666,0,-1.221813991,0,1,7.940227765
0.653399142,1.250573948,0,0.924703684,1,1,9.003808086
1.098274138,1.018222124,0,1.314979626,1,0,9.188094763
-2.015850831,-0.745539454,1,-0.441262109,0,1,7.558516743
1.098274138,0.849238978,0,-0.050986168,0,1,8.598957493
1.988024129,-0.238590019,0,0.729565714,1,0,9.014690385
1.988024129,-0.354765931,0,1.510117596,1,0,8.03592637
-0.236350849,0.479588348,0,0.144151802,0,1,9.680344001
1.988024129,1.218889609,0,-0.246124139,1,1,8.744966011
1.098274138,-0.238590019,0,-0.63640008,0,1,7.924434185
1.988024129,0.405658222,0,0.729565714,0,1,8.599141774
-0.236350849,-0.090729767,0,1.510117596,1,0,7.473069088
0.208524147,0.891484765,0,-0.246124139,1,1,8.580543507
0.208524147,0.141622058,0,0.729565714,0,1,8.459564079
-0.236350849,-0.650486435,0,-0.050986168,1,1,7.725771442
0.653399142,-0.724416561,0,0.144151802,0,1,6.887552572
1.988024129,0.183867844,0,-0.050986168,0,1,8.948455992
0.653399142,-0.016799641,0,-0.63640008,0,1,9.140132477
1.988024129,0.036007592,0,-0.63640008,0,1,8.412277021
0.208524147,0.500711241,0,0.729565714,0,1,8.965334574
1.988024129,0.278920863,0,-1.807227903,1,0,8.104401308
-0.681225844,-0.544871969,0,-0.63640008,1,0,7.918628653
-0.236350849,0.849238978,0,1.119841655,1,1,9.852194258
-0.681225844,-0.534310523,0,1.119841655,0,1,8.817594036
-0.681225844,-0.587117756,0,-0.63640008,1,1,8.616495392
-0.236350849,-0.808908134,0,0.729565714,1,1,8.311643949
0.653399142,0.247236524,0,-0.63640008,1,1,9.123256265
1.543149133,-0.164659893,0,0.339289773,0,1,8.079618029
1.098274138,-0.692732221,0,1.119841655,0,1,8.173011312
1.543149133,3.500162069,0,0.924703684,1,0,9.305650552
1.098274138,0.764747406,0,0.729565714,1,1,8.861491864
-0.236350849,0.72250162,0,-0.441262109,0,1,8.683215975
1.988024129,0.025446146,0,0.339289773,0,1,8.502282579
0.208524147,-0.259712912,0,0.534427743,1,1,7.19142933
1.988024129,0.236675077,0,1.119841655,1,0,8.543445563
1.988024129,0.711940173,1,1.314979626,1,0,8.845633256
1.543149133,0.754185959,0,0.924703684,1,0,8.688285266
0.653399142,-0.713855115,0,1.119841655,0,1,7.785305183
-0.236350849,-0.650486435,0,-0.050986168,1,1,7.725771442
1.098274138,0.701378726,0,2.095531508,1,1,9.472704636
-0.236350849,-0.354765931,0,-1.221813991,0,1,8.105609402
1.988024129,-0.935645493,0,1.510117596,1,1,8.448914351
-1.570975835,-0.85115392,0,-1.221813991,1,1,6.442540166
-1.570975835,-0.893399706,0,-1.221813991,1,0,5.950642553
1.098274138,-0.470941843,0,-0.246124139,0,1,7.813187268
-0.681225844,-0.81946958,0,-1.221813991,0,1,6.386879319
-0.681225844,-0.777223794,0,-1.221813991,0,1,6.084499413
-1.570975835,-0.935645493,1,-0.050986168,0,1,5.442417711
-0.236350849,-0.935645493,1,-1.221813991,1,0,6.903747258
-0.681225844,-0.935645493,0,-1.221813991,0,1,6.525029658
1.543149133,-0.925084046,1,-1.612089932,0,1,7.836369761
-0.236350849,0.28948231,0,-1.416951962,0,1,8.154787573
1.988024129,4.186656096,1,1.119841655,1,1,11.46163217
0.208524147,5.59132849,0,-0.246124139,1,1,12.00150548
-0.681225844,-0.175221339,0,1.119841655,1,1,11.58988651
-0.236350849,3.785321126,0,-0.63640008,1,1,10.95080655
0.208524147,-0.132975553,0,-0.83153805,1,1,9.305650552
-1.12610084,0.65913294,0,0.534427743,1,1,10.83958091
-0.236350849,3.130511438,1,0.729565714,1,1,9.392661929
0.208524147,1.504048666,0,-1.612089932,1,1,9.546812609
0.208524147,5.337853773,0,-0.050986168,1,1,8.670257567
-0.681225844,-0.154098446,0,-0.83153805,0,1,10.20359214
0.208524147,0.426781115,0,-1.416951962,1,0,8.754791764
-0.681225844,-0.037922534,0,-0.246124139,1,1,9.392661929
-1.570975835,-0.830031027,1,-0.441262109,0,1,10.30895266
-0.681225844,0.416219669,0,1.314979626,1,1,9.392661929
0.208524147,-0.027361087,0,1.119841655,1,1,9.740968623
-0.681225844,0.352850989,1,1.510117596,0,1,9.680344001
-0.236350849,-0.027361087,0,1.314979626,1,0,9.063231507
0.208524147,0.014884699,0,0.534427743,1,1,8.410053316
0.208524147,0.564079921,0,0.339289773,1,1,8.313361951
-0.236350849,0.152183505,0,0.729565714,1,1,8.639941657
0.208524147,0.849238978,0,-1.612089932,1,1,8.662850764
-1.570975835,0.426781115,0,-0.63640008,1,1,8.660600655
-1.12610084,-0.143537,0,0.924703684,1,1,8.662850764
-0.681225844,-0.48150329,0,-0.050986168,0,1,8.785539528
0.208524147,-0.143537,0,-0.050986168,1,1,8.623173515
0.208524147,0.152183505,0,-1.221813991,1,1,8.55120807
-1.570975835,-0.48150329,0,-1.221813991,0,1,8.04494705
-0.236350849,0.067691932,0,0.339289773,1,1,9.150271846
1.098274138,-0.143537,0,-0.83153805,0,1,7.882692206
-0.681225844,-0.587117756,0,-1.026676021,1,0,8.562166557
-0.681225844,-0.312520145,0,0.729565714,0,1,8.209308412
-0.236350849,0.954853444,0,1.119841655,1,1,8.696175847
-0.681225844,-0.143537,1,-1.026676021,0,1,8.834628222
0.653399142,0.849238978,0,0.144151802,1,1,8.22684089
0.208524147,0.595764261,0,-0.63640008,0,1,8.369157113
1.543149133,0.521834135,0,0.924703684,1,0,8.682199026
0.653399142,0.796431746,0,-1.221813991,1,1,8.718990525
0.208524147,-0.523749076,0,0.924703684,1,0,9.061260149
0.653399142,-0.51318763,0,0.729565714,1,1,9.305650552
-0.681225844,0.120499165,0,0.339289773,1,0,8.733271845
0.208524147,0.416219669,0,-0.83153805,1,1,8.563504094
-0.236350849,1.134398036,0,-1.026676021,0,1,7.678788998
0.653399142,-0.661047882,1,1.314979626,1,1,9.392661929
0.208524147,-0.502626183,1,-0.83153805,1,1,8.413387023
-1.12610084,-0.692732221,0,0.339289773,1,1,8.901911226
-1.12610084,-0.576556309,0,1.119841655,1,1,8.524168805
-0.681225844,-0.470941843,0,-0.050986168,0,1,8.021912779
-0.236350849,1.113275143,0,-0.246124139,1,1,8.340694648
0.208524147,-0.217467126,0,-1.416951962,1,1,8.960210956
-0.236350849,-0.407573164,0,0.534427743,0,1,7.737616283
-0.236350849,-0.544871969,0,-0.63640008,1,1,7.838343316
-0.236350849,-0.713855115,1,1.119841655,0,1,8.922391597
-0.236350849,-0.608240649,0,0.144151802,0,1,7.958227192
-0.681225844,-0.745539454,0,-1.416951962,1,1,7.359467638
-0.681225844,-0.280835805,0,-1.026676021,1,1,7.801800402
0.208524147,-0.44981895,0,-0.83153805,0,1,8.630343289
0.208524147,0.595764261,0,-0.63640008,0,1,7.887208586
-0.681225844,-0.713855115,0,0.144151802,1,1,10.30895266
-0.681225844,-0.365327378,0,-1.416951962,0,1,8.822027323
-0.681225844,-0.85115392,0,-1.612089932,0,1,7.67971364
-0.236350849,-0.460380397,0,-0.246124139,1,1,7.86787149
-1.12610084,-0.777223794,0,-1.026676021,1,1,8.551981017
-0.236350849,-0.534310523,0,-1.026676021,1,1,8.376550862
0.653399142,-0.48150329,0,0.144151802,0,1,8.177796683
-1.570975835,-0.470941843,0,-1.416951962,0,1,8.066207568
-0.236350849,-0.872276813,0,0.144151802,0,1,7.908754739
-0.681225844,-0.333643038,0,-1.416951962,1,1,8.042699497
-0.681225844,-0.375888824,0,-0.83153805,0,1,8.023552392
0.208524147,-0.85115392,0,0.534427743,1,0,9.392661929
-0.236350849,-0.756100901,0,-0.050986168,1,1,8.890548246
-1.570975835,-0.88283826,0,-0.050986168,0,1,7.627057417
-0.681225844,-0.935645493,0,-0.050986168,0,1,8.5465578
-0.236350849,-0.777223794,0,-1.612089932,0,1,8.009030685
-0.681225844,-0.565994863,1,-0.63640008,1,0,7.996990406
-0.236350849,-0.830031027,0,-0.441262109,0,1,9.61580548
-0.236350849,-0.534310523,1,-0.63640008,0,1,8.779095811
0.208524147,-0.460380397,0,-0.246124139,1,1,10.23995979
0.208524147,-0.935645493,0,-0.441262109,1,1,8.526945483
0.208524147,-0.872276813,0,1.119841655,1,1,8.285765421
-1.12610084,-0.734978008,0,-1.026676021,0,1,8.189522111
0.653399142,-0.534310523,0,1.119841655,1,0,8.492490579
-0.681225844,-0.903961153,0,-0.246124139,0,1,7.622174595
0.208524147,-0.808908134,1,-0.63640008,0,1,8.596189198
1.098274138,0.500711241,0,1.119841655,1,1,8.75431854
0.208524147,-0.470941843,0,-1.416951962,1,0,8.140607043
0.653399142,-0.365327378,0,1.314979626,1,0,8.562357743
-0.236350849,-0.354765931,0,1.510117596,0,1,8.465478756
-1.570975835,-0.724416561,0,-0.246124139,1,0,6.91274282
1.098274138,-0.81946958,1,-1.026676021,0,1,8.130353547
0.208524147,1.081590803,0,-1.416951962,0,1,8.544029845
0.653399142,-0.270274358,0,-1.221813991,0,1,8.336630088
0.653399142,0.152183505,0,-0.83153805,1,1,8.07589363
-0.236350849,2.771422255,0,0.729565714,1,0,8.274357007
1.543149133,-0.259712912,0,-0.83153805,1,1,7.776535028
-0.681225844,-0.88283826,1,-1.026676021,1,1,8.275631055
-0.236350849,2.1694198,0,0.534427743,1,1,9.392661929
0.653399142,0.595764261,0,1.510117596,0,1,8.358900612
1.098274138,-0.808908134,1,-0.441262109,1,1,8.495969555
1.543149133,0.585202814,0,1.510117596,1,0,8.659386957
0.208524147,2.993212633,0,-0.246124139,0,1,9.100637107
0.208524147,-0.830031027,0,-1.612089932,0,1,7.506042179
1.543149133,0.025446146,0,1.314979626,1,1,8.828787084
1.098274138,-0.11185266,0,-0.63640008,0,1,8.33014046
1.543149133,0.004323252,0,1.119841655,1,0,8.143517406
0.653399142,1.113275143,0,0.534427743,1,0,8.747828608
0.653399142,-0.544871969,0,-1.221813991,1,1,8.154500175
1.543149133,0.162744951,1,-0.441262109,1,1,8.422222954
0.208524147,0.141622058,0,0.729565714,0,1,8.459564079
1.988024129,-0.81946958,1,-1.612089932,0,1,7.738923757
1.543149133,0.817554639,0,0.144151802,1,1,8.596004372
1.098274138,0.437342562,0,-1.026676021,1,0,8.043020885
0.653399142,-0.777223794,0,0.924703684,0,1,8.528924114
1.543149133,-0.523749076,1,-0.441262109,0,1,8.818926087
-1.12610084,-0.228028572,0,1.314979626,1,0,7.027314514
-0.236350849,-0.935645493,0,-1.416951962,1,0,6.551080335
-0.681225844,-0.756100901,0,-1.221813991,1,1,7.037027615
-0.681225844,-0.840592473,0,-0.83153805,0,1,7.440733707
-1.570975835,-0.935645493,0,0.924703684,1,1,6.095824562
-0.236350849,-0.787785241,0,-1.807227903,0,1,6.311734809
1.098274138,-0.893399706,0,-0.63640008,0,1,7.61283103
-1.12610084,-0.861715367,0,-0.441262109,0,1,7.303843225
-0.236350849,-0.925084046,0,-1.416951962,1,1,6.908754779
1.543149133,-0.935645493,0,-1.416951962,1,1,6.91274282
0.653399142,-0.935645493,0,-1.416951962,1,0,7.238496841
-0.681225844,-0.88283826,0,-0.83153805,0,1,8.048468744
-0.681225844,-0.766662347,0,-1.612089932,1,1,6.81014245
-0.236350849,-0.88283826,0,-1.612089932,0,1,6.415096959
1.543149133,-0.935645493,0,0.534427743,0,1,7.043159916
-0.681225844,-0.935645493,0,-1.026676021,1,0,6.555356892
0.208524147,-0.925084046,0,-1.416951962,0,1,6.306275287
-1.570975835,-0.914522599,0,-1.416951962,0,1,6.466144724
-0.681225844,-0.935645493,0,-1.416951962,1,1,7.123672785
0.208524147,0.131060611,0,-0.441262109,0,1,7.596392304
-2.015850831,-0.81946958,0,0.339289773,1,1,6.248042875
-1.570975835,-0.925084046,0,-1.026676021,1,1,7.095064377
0.653399142,-0.639924989,0,1.314979626,1,1,7.731930722
-1.570975835,-0.935645493,0,-0.63640008,0,1,8.101980732
0.208524147,1.356188414,0,1.510117596,1,1,10.73639668
-0.236350849,1.324504074,0,-0.63640008,1,1,11.30220443
1.098274138,0.437342562,0,1.119841655,1,1,10.79957558
-0.236350849,0.754185959,0,-0.441262109,1,0,9.546812609
0.208524147,0.65913294,0,-0.246124139,1,1,9.392661929
-1.12610084,0.944291998,0,0.729565714,1,1,8.422442855
0.208524147,0.933730551,0,-1.416951962,1,1,10.34174248
-0.236350849,1.83145351,1,0.339289773,0,1,8.986446539
-1.570975835,-0.745539454,0,1.119841655,1,1,10.51867319
-0.236350849,0.595764261,0,-1.612089932,0,1,7.451241685
-1.570975835,-0.650486435,0,0.339289773,0,1,8.71374633
-1.12610084,-0.333643038,0,1.510117596,1,1,8.909505513
-1.12610084,-0.798346687,0,-0.63640008,1,1,9.472704636
-0.236350849,-0.428696057,0,-0.83153805,1,1,8.510571315
0.653399142,-0.407573164,0,1.314979626,1,1,7.763021309
-0.681225844,-0.375888824,0,-1.416951962,0,1,7.832014181
-1.12610084,-0.428696057,0,-0.63640008,1,1,9.305650552
0.208524147,-0.661047882,0,0.729565714,0,1,8.283241441
-1.12610084,-0.671609328,0,0.339289773,0,1,8.783855897
-0.681225844,-0.576556309,0,0.534427743,1,1,8.186742787
-1.12610084,-0.565994863,0,-1.026676021,1,0,8.541690663
-0.681225844,-0.375888824,0,1.119841655,1,1,7.935945103
-1.12610084,-0.175221339,0,1.119841655,1,1,10.04324949
-1.570975835,-0.724416561,0,-0.83153805,0,1,6.940222469
0.653399142,0.72250162,0,1.314979626,1,1,8.863332833
0.208524147,-0.11185266,0,0.144151802,1,0,8.636397439
-1.12610084,-0.935645493,0,-1.026676021,1,1,7.453561872
-1.570975835,-0.914522599,0,0.729565714,0,1,7.537430037
-1.12610084,-0.903961153,0,-1.416951962,0,1,7.795646536
1.543149133,0.437342562,0,1.119841655,0,1,7.655390645
-1.12610084,-0.787785241,0,-1.026676021,1,1,7.954021087
1.988024129,-0.217467126,0,0.144151802,0,1,7.516433303
0.653399142,-0.81946958,0,-1.026676021,0,1,6.923628628
0.208524147,0.65913294,0,1.510117596,1,0,8.717190933
0.208524147,-0.132975553,0,1.119841655,1,1,7.784889296
-0.681225844,-0.492064737,0,-0.050986168,1,1,8.762019954
0.208524147,-0.386450271,0,-0.050986168,1,1,7.496097345
-0.236350849,-0.724416561,0,-1.416951962,1,0,8.193953024
1.098274138,2.665807789,0,-1.612089932,0,1,8.763897007
1.098274138,-0.006238194,0,1.119841655,1,1,8.632305999
-1.570975835,-0.893399706,0,-0.441262109,0,1,8.301521655
1.988024129,2.1694198,1,1.314979626,1,1,8.56522116
0.208524147,0.204990737,0,1.510117596,1,1,8.856803357
1.098274138,0.28948231,0,0.924703684,0,1,8.81936971
1.543149133,0.764747406,0,-0.246124139,1,1,9.016876975
1.098274138,0.194429291,0,0.729565714,0,1,9.03539157
1.098274138,0.458465455,0,0.339289773,1,1,8.443331343
1.988024129,0.817554639,0,0.534427743,1,1,8.136518252
0.653399142,0.036007592,0,1.119841655,1,1,8.363109176
-0.236350849,0.28948231,0,1.119841655,1,1,10.46310334
1.098274138,0.046569039,0,-0.246124139,1,1,8.296297113
0.208524147,0.004323252,0,-0.246124139,1,1,8.635687085
1.543149133,0.785870299,0,0.729565714,1,1,8.631949429
1.988024129,1.757523384,0,-1.612089932,1,1,9.047821442
0.653399142,0.733063066,0,-1.612089932,1,1,7.971776123
0.208524147,1.842014956,0,1.510117596,0,1,7.877397186
-0.681225844,0.65913294,1,0.144151802,1,1,10.89673933
-0.681225844,0.99709923,0,-0.441262109,1,0,10.81977828
-1.12610084,1.176643822,0,-0.050986168,1,1,11.23848862
0.653399142,1.789207724,0,0.144151802,1,1,8.886685639
-0.236350849,2.665807789,0,-0.441262109,1,0,10.57131693
1.098274138,0.838677532,0,1.119841655,1,0,8.64223868
-1.570975835,0.553518474,0,0.144151802,1,1,9.903487553
-0.236350849,0.764747406,1,-0.63640008,0,1,8.925720274
-1.12610084,-0.196344232,0,-0.63640008,1,0,8.429235913
-1.12610084,-0.143537,0,1.314979626,0,1,9.998797732
-0.681225844,2.950966847,0,0.729565714,0,1,9.305650552
-0.236350849,-0.027361087,0,1.510117596,1,1,10.57131693
-0.236350849,-0.555433416,0,0.144151802,1,1,8.480114183
1.098274138,0.553518474,0,0.144151802,0,1,8.826147399
-1.12610084,-0.893399706,0,-1.416951962,0,1,9.472704636
-1.12610084,-0.428696057,0,0.924703684,1,0,9.122819774
-1.570975835,-0.724416561,0,0.339289773,0,1,8.360071436
-1.12610084,-0.291397252,0,0.144151802,1,1,9.115919796
-0.681225844,-0.122414106,0,-0.441262109,1,0,8.489205155
-0.236350849,2.23278848,0,-1.221813991,1,1,8.094683649
-0.681225844,-0.661047882,0,-0.441262109,1,1,10.75790288
-0.681225844,0.078253378,0,-0.63640008,1,1,9.472704636
-1.12610084,-0.301958698,0,0.924703684,1,1,8.439663989
-0.236350849,0.004323252,0,0.144151802,0,1,8.203577737
-0.681225844,0.036007592,1,-1.612089932,0,1,8.212839585
-0.681225844,0.215552184,0,0.924703684,0,1,8.068089626
-0.236350849,-0.333643038,0,-0.83153805,0,1,8.13123655
-0.236350849,-0.682170775,0,1.119841655,0,1,8.234564993
-1.570975835,-0.756100901,0,-0.050986168,1,1,9.068892008
-1.570975835,-0.745539454,0,-0.63640008,0,1,7.678788998
-1.570975835,-0.523749076,0,0.924703684,0,1,8.262816938
0.208524147,-0.650486435,0,-0.83153805,1,1,8.556029215
-0.236350849,-0.808908134,0,-0.63640008,1,1,8.41294317
-0.236350849,-0.312520145,0,0.729565714,0,1,8.15017927
-1.12610084,-0.85115392,0,1.314979626,1,0,7.722677516
-1.12610084,-0.808908134,0,-1.221813991,0,1,7.911690521
-1.12610084,-0.41813461,0,-1.807227903,0,1,9.060795735
-0.236350849,-0.270274358,0,0.924703684,1,1,8.040446881
-1.570975835,-0.935645493,0,-1.807227903,0,1,7.348587531
-0.236350849,-0.777223794,0,-0.63640008,1,1,8.177515824
-0.681225844,-0.81946958,0,-0.441262109,0,1,8.043020885
-2.015850831,-0.692732221,0,0.534427743,0,1,8.807322268
-0.236350849,-0.893399706,0,-1.807227903,0,1,6.202535517
-0.681225844,-0.925084046,0,-0.246124139,0,1,8.083637203
-0.236350849,0.933730551,0,0.729565714,0,1,8.955319082
0.208524147,0.014884699,1,-1.026676021,0,1,11.05089001
-1.12610084,-0.333643038,0,0.729565714,1,1,9.305650552
0.653399142,1.440679987,0,1.119841655,0,1,8.652248422
0.208524147,0.194429291,0,-0.050986168,0,1,8.336869637
0.208524147,-0.175221339,0,-0.441262109,1,1,8.46884293
-1.12610084,-0.365327378,0,-1.221813991,1,1,8.173575487
1.098274138,0.806993192,0,1.314979626,1,1,7.975220839
-1.570975835,-0.407573164,0,-1.026676021,0,1,7.661527081
-0.681225844,1.43011854,1,4.242049183,1,0,8.571113033
0.208524147,4.271147669,1,1.119841655,0,1,8.465268119
-0.236350849,-0.175221339,0,0.729565714,0,1,7.236339343
-0.236350849,-0.576556309,0,-0.83153805,1,0,7.830822995
-0.681225844,0.25779797,0,1.510117596,1,1,8.311152548
-1.12610084,-0.798346687,0,0.339289773,0,1,8.329175442
0.208524147,-0.597679202,0,0.144151802,0,1,8.520388082
0.208524147,-0.713855115,0,0.144151802,0,1,7.83715965
-0.236350849,-0.301958698,0,-1.026676021,0,1,7.335633982
-0.236350849,0.310605203,0,0.534427743,0,1,7.713784617
-1.570975835,-0.935645493,0,-0.83153805,1,0,6.931471806
1.988024129,0.891484765,0,-0.050986168,0,1,9.680344001
1.098274138,7.407897301,0,2.290669478,1,1,9.130972437
1.098274138,0.194429291,0,0.729565714,0,1,9.03539157
1.098274138,0.458465455,0,0.339289773,1,1,8.443331343
0.208524147,0.395096776,0,1.510117596,1,0,9.392661929
0.208524147,0.204990737,0,1.510117596,1,1,8.856803357
0.208524147,1.842014956,0,1.510117596,0,1,7.877397186
-0.681225844,0.173306398,0,0.339289773,0,1,9.210340372
-1.570975835,-0.787785241,0,-1.026676021,0,1,7.551186867
-0.681225844,0.152183505,1,0.144151802,0,1,9.186662245
-1.12610084,0.373973883,0,-0.83153805,1,1,8.859505485
1.098274138,2.665807789,0,-1.612089932,0,1,8.763897007
1.543149133,1.873699296,0,1.314979626,1,1,8.904222737
1.098274138,-0.006238194,0,1.119841655,1,1,8.632305999
1.988024129,0.817554639,0,0.534427743,1,1,8.136518252
1.543149133,0.99709923,0,0.339289773,0,1,8.768885326
0.653399142,0.036007592,0,1.119841655,1,1,8.363109176
0.208524147,0.004323252,0,-0.246124139,1,1,8.635687085
1.988024129,1.757523384,0,-1.612089932,1,1,9.047821442
1.543149133,1.715277598,0,-0.050986168,0,1,8.443546651
1.098274138,0.28948231,0,0.924703684,0,1,8.81936971
0.208524147,-0.259712912,0,0.534427743,1,1,7.19142933
-0.236350849,-0.291397252,0,-0.246124139,0,1,8.547140268
-0.681225844,2.127174014,0,0.144151802,1,1,9.472704636
-1.12610084,1.377311307,0,0.144151802,1,1,10.37349118
-0.236350849,0.25779797,0,1.510117596,1,1,10.04324949
-0.681225844,0.616887154,1,-0.441262109,1,1,10.49127422
-0.236350849,0.416219669,0,-0.63640008,1,0,8.852807918
0.208524147,0.933730551,0,-0.441262109,0,1,9.174505919
-0.236350849,0.268359417,0,-0.050986168,1,1,9.305650552
-0.236350849,-0.08016832,0,-0.050986168,1,0,9.740968623
-0.681225844,0.131060611,0,-0.63640008,0,1,10.46310334
0.653399142,0.162744951,1,1.119841655,1,1,9.472704636
-0.236350849,0.500711241,0,-1.221813991,0,1,8.738735461
0.208524147,-0.196344232,0,0.534427743,1,1,9.068315872
-0.681225844,0.278920863,1,1.119841655,1,1,6.095824562
-1.12610084,2.095489674,0,1.510117596,0,1,8.432941639
-0.681225844,-0.48150329,0,0.924703684,1,1,9.305650552
-0.681225844,-0.713855115,0,-1.026676021,0,1,7.780720886
-1.12610084,-0.724416561,0,0.534427743,1,1,8.371936179
-0.681225844,0.014884699,0,0.729565714,0,1,7.876638461
-0.236350849,-0.059045427,0,-0.441262109,1,0,8.243545508
-1.12610084,-0.439257504,0,0.144151802,0,1,8.073402969
0.653399142,-0.629363542,0,-1.612089932,0,1,7.787382026
0.208524147,-0.301958698,0,0.339289773,1,0,8.834336974
-1.570975835,-0.861715367,1,-1.026676021,0,1,7.898782357
-0.681225844,-0.016799641,0,-1.416951962,1,0,8.245121966
-1.570975835,-0.798346687,0,-1.221813991,0,1,7.764720545
-0.236350849,-0.523749076,0,-1.612089932,0,1,7.687538766
-1.12610084,-0.576556309,0,0.534427743,1,1,7.771910256
-2.015850831,-0.756100901,0,0.534427743,1,1,7.086737935
-1.570975835,-0.534310523,0,1.314979626,0,1,7.96241568
0.208524147,0.891484765,0,-0.246124139,1,1,8.580543507
0.653399142,-0.228028572,0,0.534427743,1,0,8.060855753
0.208524147,0.986537784,0,1.314979626,0,1,8.416046009
0.208524147,0.363412436,0,0.534427743,0,1,8.260751355
1.543149133,1.873699296,0,1.314979626,1,1,8.904222737
-1.12610084,-0.51318763,0,-1.416951962,0,1,7.387090236
0.208524147,0.099376272,0,-0.441262109,1,0,8.07121854
0.653399142,0.384535329,0,-1.612089932,0,1,8.15536212
1.543149133,0.99709923,0,0.339289773,0,1,8.768885326
0.208524147,-0.11185266,0,0.144151802,1,0,8.636397439
1.098274138,0.046569039,0,-0.246124139,1,1,8.296297113
1.543149133,0.785870299,0,0.729565714,1,1,8.631949429
0.653399142,-0.48150329,0,1.510117596,1,1,8.599326021
-1.12610084,-0.734978008,1,0.534427743,1,0,7.168579897
1.098274138,0.28948231,0,0.924703684,0,1,8.81936971
-0.681225844,-0.734978008,0,0.534427743,0,1,8.633196867
1.988024129,-0.217467126,0,0.144151802,0,1,7.516433303
-0.681225844,-0.734978008,0,-1.026676021,0,1,10.27505111
0.653399142,-0.280835805,0,0.339289773,1,1,9.150908788
1.988024129,1.482925773,0,0.144151802,0,1,8.226038429
1.098274138,-0.925084046,0,1.510117596,1,0,7.229113878
0.208524147,-0.682170775,0,-0.83153805,0,1,8.362875831
1.543149133,-0.798346687,0,-1.026676021,1,0,7.474772182
1.543149133,-0.935645493,0,1.119841655,1,0,7.87207398
-1.12610084,-0.914522599,0,-1.221813991,0,1,6.597145702
-1.12610084,-0.925084046,0,-1.416951962,1,0,6.018593214
-0.236350849,-0.840592473,0,0.729565714,0,1,6.02827852
-1.570975835,-0.808908134,0,-0.83153805,1,1,7.085901464
0.208524147,-0.914522599,0,-1.612089932,0,1,6.928537818
-1.12610084,-0.935645493,0,-1.416951962,1,1,6.261491684
-2.015850831,-0.81946958,0,0.339289773,1,1,6.248042875
-0.236350849,-0.301958698,0,-1.026676021,1,1,9.082279702
-1.12610084,-0.808908134,0,0.144151802,1,1,8.469262658
-1.570975835,-0.840592473,0,1.119841655,0,1,9.305650552
-1.570975835,-0.808908134,1,1.314979626,0,1,9.61580548
-1.570975835,-0.756100901,0,0.144151802,0,1,9.168997408
-0.681225844,-0.787785241,0,1.510117596,0,1,8.403128235
-1.12610084,-0.914522599,0,0.729565714,0,1,7.730614066
-0.681225844,-0.925084046,0,0.339289773,0,1,10.59663473
