"per_cost","travel_days","photo_num","person_num_三五好友","person_num_亲子","person_num_家庭","person_num_情侣","person_num_独自一人","person_num_闺蜜","is_weekend","title_length","z","playmode1","playmode2"
0.235952477599427,-0.671604422516269,0.488075655225193,1,0,0,0,0,0,0,0.957668469418054,0,1,1
0.0756400337901374,1.19303169266511,-0.141954060843479,1,0,0,0,0,0,1,-0.293644071285236,0,1,1
-0.832797147795839,-0.671604422516269,-0.398361503429566,1,0,0,0,0,0,0,1.6528421031421,0,1,1
0.0756400337901374,-0.671604422516269,-0.310450380257193,0,0,0,0,0,1,0,0.262494835694004,1,1,1
-0.244984853828443,0.26071363507442,-0.347080014912349,1,0,0,0,0,0,0,-0.0155746177956163,1,1,1
0.235952477599427,0.26071363507442,1.08147573663871,0,0,0,1,0,0,0,0.262494835694004,1,1,1
0.235952477599427,0.26071363507442,-0.486272626601939,0,0,0,0,0,1,0,-1.26688715849891,1,1,1
0.0628150382853942,0.26071363507442,-0.14927998777451,0,1,0,0,0,0,0,3.18222409733501,1,1,1
0.235952477599427,-0.205445393720924,-0.119976280050385,1,0,0,0,0,0,0,-0.154609344540426,1,0,1
-0.351859816367969,0.26071363507442,-0.134628133912448,0,0,0,0,1,0,1,-0.849782978264476,1,1,1
-0.298422335098206,-0.671604422516269,-0.266494818671007,0,0,0,0,1,0,1,-1.40592188524372,1,0,1
0.235952477599427,-0.671604422516269,0.40016453205282,0,0,0,0,0,1,0,2.06994628337653,1,1,1
0.235952477599427,-1.60392248010696,0.378186751259727,1,0,0,0,0,0,0,0.540564289183624,0,1,1
-0.832797147795839,-1.60392248010696,-0.925828242463803,0,0,0,1,0,0,1,0.401529562438814,1,1,0
-0.0312349287493892,0.26071363507442,-0.339754087981317,0,0,0,1,0,0,0,-1.1278524317541,1,1,1
0.235952477599427,-0.205445393720924,0.385512678190758,1,0,0,0,0,0,1,-0.710748251519666,0,0,1
-0.939672110335366,0.26071363507442,-0.0833466453952301,1,0,0,0,0,0,1,-0.988817705009287,1,1,0
-0.268497345587138,0.26071363507442,0.0118904047081738,0,0,1,0,0,0,1,-0.849782978264476,0,1,1
-0.725922185256313,-0.671604422516269,-0.442317065015752,0,0,0,0,0,1,0,-0.432678798030046,0,1,1
-0.298422335098206,-0.205445393720924,-0.603487457498436,0,0,1,0,0,0,0,0.123460108949194,0,1,1
-0.298422335098206,-0.205445393720924,-0.515576334326063,0,0,0,1,0,0,0,-0.293644071285236,0,1,0
-0.0312349287493892,-0.205445393720924,-0.596161530567405,0,0,0,0,0,1,0,-0.571713524774856,0,0,1
-0.298422335098206,0.26071363507442,-0.442317065015752,0,0,0,1,0,0,0,0.540564289183624,1,1,1
-0.565609741447023,0.26071363507442,-0.105324426188323,0,0,0,0,0,1,0,-0.154609344540426,1,0,1
-0.298422335098206,-0.671604422516269,0.370860824328696,0,0,0,0,1,0,1,0.818633742673244,0,1,1
0.235952477599427,0.726872663869764,0.663897901569939,0,1,0,0,0,0,1,-1.26688715849891,0,1,1
-0.565609741447023,-0.205445393720924,-0.940480096325865,0,1,0,0,0,0,0,-0.571713524774856,0,0,1
-0.993109591605129,-0.205445393720924,0.231668212639106,0,0,0,0,0,0,0,0.679599015928434,0,1,1
0.235952477599427,-0.205445393720924,-0.207887403222758,0,0,0,1,0,0,1,-1.26688715849891,1,1,1
-0.832797147795839,-0.671604422516269,-0.83791711929143,1,0,0,0,0,0,0,-0.154609344540426,1,1,1
1.30470210299469,1.19303169266511,-0.750005996119057,0,1,0,0,0,0,0,-0.293644071285236,0,0,1
-0.565609741447023,-1.13776345131161,-0.14927998777451,1,0,0,0,0,0,0,1.51380737639729,1,1,1
-0.298422335098206,-0.205445393720924,-0.200561476291727,0,0,0,1,0,0,0,-0.571713524774856,0,0,1
-0.725922185256313,-0.205445393720924,-0.273820745602038,0,0,0,0,1,0,1,1.79187682988691,0,1,1
-1.2709844942079,-1.13776345131161,0.246320066501168,1,0,0,0,0,0,0,-0.154609344540426,0,1,1
-1.20685951668418,-1.60392248010696,-0.728028215325964,1,0,0,0,0,0,1,-0.0155746177956163,0,1,1
-0.592328482081904,-0.671604422516269,-0.786635630774213,1,0,0,0,0,0,1,1.93091155663172,1,1,1
-0.0312349287493892,-0.671604422516269,-0.434991138084721,0,0,0,1,0,0,1,-0.710748251519666,0,1,1
0.235952477599427,-0.671604422516269,-0.237191110946882,0,0,0,0,0,1,1,-1.54495661198853,0,0,1
-0.939672110335366,-1.13776345131161,-0.896524534739679,1,0,0,0,0,0,0,-0.849782978264476,1,0,1
-0.298422335098206,-0.205445393720924,-1.02839121949824,0,0,0,1,0,0,0,-0.0155746177956163,1,1,1
-0.565609741447023,-0.205445393720924,-0.786635630774213,0,0,0,0,1,0,0,-1.40592188524372,0,0,1
-0.817834653040306,-0.671604422516269,-0.918502315532772,1,0,0,0,0,0,0,1.6528421031421,1,1,1
-1.26029699795395,-1.60392248010696,-1.07967270801546,0,1,0,0,0,0,1,-0.0155746177956163,0,0,1
-0.298422335098206,-0.205445393720924,-0.0613688646021369,0,0,0,0,0,1,0,-0.710748251519666,1,1,1
-0.832797147795839,-0.205445393720924,-0.859894900084523,0,0,0,0,1,0,0,-0.710748251519666,0,1,1
0.503139883948244,-0.205445393720924,1.0082164673284,0,0,1,0,0,0,1,-0.154609344540426,1,1,1
-0.298422335098206,0.26071363507442,1.15473500594902,0,0,0,1,0,0,0,1.09670319616286,1,1,1
0.235952477599427,-0.205445393720924,0.678549755432001,1,0,0,0,0,0,0,0.401529562438814,0,1,1
-0.0312349287493892,1.19303169266511,0.451446020570038,0,0,1,0,0,0,0,-0.988817705009287,1,1,1
5.04532579187813,0.26071363507442,1.3378831792248,1,0,0,0,0,0,0,0.957668469418054,1,1,1
0.235952477599427,-0.671604422516269,0.158408943328795,1,0,0,0,0,0,0,0.957668469418054,0,1,1
1.83907691569233,0.26071363507442,1.30125354456964,1,0,0,0,0,0,0,-0.571713524774856,1,1,1
1.30470210299469,0.26071363507442,0.927631271087057,0,0,0,1,0,0,0,-0.571713524774856,1,1,1
1.30470210299469,-0.671604422516269,1.93128326063831,1,0,0,0,0,0,1,2.76511991710058,0,1,1
2.37345172838996,0.726872663869764,1.62359432953501,1,0,0,0,0,0,0,0.123460108949194,1,1,1
1.30470210299469,1.65919072146045,0.00456447777714277,0,1,0,0,0,0,1,1.23573792290767,1,1,1
0.235952477599427,0.26071363507442,0.268297847294261,0,1,0,0,0,0,0,1.09670319616286,1,1,1
0.503139883948244,-0.205445393720924,0.524705289880349,1,0,0,0,0,0,1,1.23573792290767,0,1,1
0.235952477599427,0.26071363507442,0.649246047707877,0,0,1,0,0,0,0,1.93091155663172,0,1,1
1.83907691569233,0.26071363507442,1.96791289529347,0,0,0,1,0,0,0,1.6528421031421,0,1,1
2.32802986931066,-0.205445393720924,1.74080916043151,0,0,0,1,0,0,0,-0.710748251519666,1,1,0
0.129077515059901,-0.205445393720924,1.32323132536274,1,0,0,0,0,0,0,-0.154609344540426,1,1,1
1.30470210299469,0.26071363507442,-0.0686947915331679,0,0,0,1,0,0,0,-0.849782978264476,1,1,1
1.30470210299469,1.19303169266511,1.05217202891459,0,0,0,0,0,1,1,0.540564289183624,1,0,1
-0.0312349287493892,1.65919072146045,-0.815939338498337,0,0,0,1,0,0,0,-0.988817705009287,1,0,1
1.30470210299469,0.26071363507442,0.583312705328597,0,0,0,0,0,1,0,-0.571713524774856,0,1,0
0.58543360510368,1.19303169266511,-0.889198607808648,0,0,0,1,0,0,1,0.401529562438814,1,1,1
0.235952477599427,2.1253497502558,-0.112650353119354,0,0,0,1,0,0,0,-1.54495661198853,0,1,1
1.03751469664588,0.726872663869764,1.27927576377655,1,0,0,0,0,0,1,0.540564289183624,1,1,1
1.30470210299469,0.26071363507442,0.253645993432199,0,0,0,0,0,1,0,-0.0155746177956163,0,1,1
1.03751469664588,-0.205445393720924,0.722505317018188,0,0,1,0,0,0,0,0.401529562438814,1,1,1
0.770327290297061,0.26071363507442,0.348883043535603,1,0,0,0,0,0,0,-0.154609344540426,1,1,1
1.03751469664588,0.726872663869764,-0.808613411567306,1,0,0,0,0,0,0,-0.571713524774856,1,1,0
-0.298422335098206,0.726872663869764,-0.163931841636572,0,0,0,1,0,0,0,-0.849782978264476,1,1,1
3.44220135378523,1.19303169266511,-0.0979984992572922,0,0,1,0,0,0,0,-0.849782978264476,1,1,1
1.30470210299469,-0.205445393720924,0.94228312494912,1,0,0,0,0,0,0,-0.710748251519666,1,1,1
1.30470210299469,0.726872663869764,0.0485200393633292,0,0,0,1,0,0,0,-0.710748251519666,1,1,1
-0.298422335098206,-0.205445393720924,0.033868185501267,0,0,0,0,0,1,0,0.123460108949194,1,1,1
1.30470210299469,0.26071363507442,-0.647443019084622,0,0,1,0,0,0,1,0.123460108949194,1,1,1
0.235952477599427,-0.671604422516269,-1.02839121949824,0,0,0,0,1,0,0,-0.710748251519666,1,0,1
0.235952477599427,0.726872663869764,0.312253408880448,0,1,0,0,0,0,0,-1.1278524317541,1,0,1
-1.01982833224001,-0.205445393720924,-1.02839121949824,0,0,0,0,1,0,0,-0.432678798030046,1,1,1
2.21313928458067,2.1253497502558,0.649246047707877,0,0,0,0,0,1,0,-0.0155746177956163,1,1,1
0.877202252836587,-0.205445393720924,1.03019424812149,0,0,0,0,0,1,0,-0.154609344540426,1,1,1
0.877202252836587,-0.205445393720924,-0.193235549360696,0,0,1,0,0,0,1,0.540564289183624,0,1,1
0.235952477599427,0.26071363507442,-0.596161530567405,0,0,0,0,0,1,0,-0.293644071285236,1,1,1
0.235952477599427,0.26071363507442,-0.669420799877716,0,1,0,0,0,0,1,1.09670319616286,1,1,1
1.83907691569233,0.26071363507442,0.693201609294063,0,0,1,0,0,0,0,-0.154609344540426,1,1,1
2.64063913473878,0.26071363507442,0.73715717088025,0,0,0,1,0,0,1,0.123460108949194,1,1,1
0.503139883948244,0.26071363507442,-0.449642991946783,0,0,1,0,0,0,0,1.37477264965248,1,1,1
0.235952477599427,0.726872663869764,-0.90385046167071,0,0,0,1,0,0,1,0.540564289183624,1,1,1
-0.142919264603195,0.26071363507442,-0.559531895912249,0,0,1,0,0,0,0,0.123460108949194,1,1,1
0.770327290297061,1.19303169266511,0.60529048612169,1,0,0,0,0,0,1,1.93091155663172,0,1,1
0.503139883948244,-0.671604422516269,-0.471620772739877,0,1,0,0,0,0,0,-0.154609344540426,1,1,1
2.37345172838996,1.65919072146045,-0.273820745602038,0,0,0,1,0,0,0,0.123460108949194,1,1,1
0.235952477599427,-0.205445393720924,1.19136464060418,0,0,0,1,0,0,1,-0.988817705009287,0,1,1
0.770327290297061,-1.13776345131161,1.0082164673284,0,0,1,0,0,0,1,0.401529562438814,0,1,1
3.97657616648286,0.26071363507442,0.978912759604275,0,0,1,0,0,0,0,0.262494835694004,1,1,1
-0.244984853828443,0.726872663869764,-1.02106529256721,0,0,1,0,0,0,0,0.401529562438814,1,0,1
1.19782714045517,0.26071363507442,-0.662094872946684,1,0,0,0,0,0,0,-0.432678798030046,0,1,1
0.235952477599427,-0.205445393720924,0.663897901569939,0,0,0,0,0,1,0,-0.571713524774856,0,1,1
0.770327290297061,0.726872663869764,0.0778237470874535,0,0,0,1,0,0,0,0.401529562438814,1,1,1
0.129077515059901,-0.205445393720924,-0.691398580670809,1,0,0,0,0,0,1,-0.849782978264476,0,1,1
-0.0312349287493892,0.26071363507442,-0.347080014912349,0,0,0,1,0,0,0,-0.571713524774856,1,1,1
1.99938935950162,0.726872663869764,-0.229865184015851,0,0,0,1,0,0,0,0.818633742673244,1,1,1
0.582227356227494,-0.205445393720924,-0.911176388601741,0,0,0,1,0,0,0,0.401529562438814,1,1,1
1.30470210299469,0.726872663869764,0.729831243949219,0,0,1,0,0,0,0,1.09670319616286,0,0,1
0.235952477599427,0.26071363507442,-0.42766521115369,0,0,0,0,0,1,0,-0.154609344540426,0,1,1
1.83907691569233,1.65919072146045,0.151083016397764,0,0,1,0,0,0,1,1.23573792290767,0,1,1
0.235952477599427,-0.205445393720924,-0.200561476291727,0,0,0,1,0,0,1,-0.849782978264476,0,1,1
0.235952477599427,0.26071363507442,-0.244517037877914,0,0,0,0,1,0,0,0.401529562438814,1,1,1
0.235952477599427,1.19303169266511,0.414816385914883,0,0,1,0,0,0,0,0.540564289183624,0,1,1
1.57188950934351,0.726872663869764,-0.0613688646021369,1,0,0,0,0,0,1,0.818633742673244,1,1,1
0.770327290297061,0.726872663869764,-0.244517037877914,1,0,0,0,0,0,1,0.123460108949194,0,0,1
1.03751469664588,1.19303169266511,0.0631718932253913,0,0,0,0,0,1,0,0.123460108949194,1,0,1
0.235952477599427,-0.671604422516269,-0.171257768567603,0,0,1,0,0,0,0,0.401529562438814,1,1,1
0.235952477599427,0.26071363507442,0.356208970466634,0,0,0,0,0,1,0,-0.432678798030046,1,1,1
1.30470210299469,1.65919072146045,-0.14927998777451,1,0,0,0,0,0,0,2.76511991710058,0,1,1
-0.565609741447023,-0.671604422516269,-0.69872450760184,0,0,0,1,0,0,0,0.540564289183624,1,0,1
0.770327290297061,0.726872663869764,-0.347080014912349,0,0,0,1,0,0,0,-0.0155746177956163,1,1,1
1.30470210299469,0.26071363507442,0.0118904047081738,1,0,0,0,0,0,0,1.23573792290767,0,1,1
1.03751469664588,-0.205445393720924,-0.325102234119255,0,0,0,0,0,1,0,0.679599015928434,0,1,1
0.770327290297061,-0.671604422516269,-0.0393910838090436,1,0,0,0,0,0,1,-0.0155746177956163,0,1,1
-0.565609741447023,-0.671604422516269,-0.193235549360696,1,0,0,0,0,0,1,1.6528421031421,0,1,1
1.83907691569233,-0.671604422516269,-0.171257768567603,0,0,0,0,0,0,0,-0.154609344540426,0,1,1
2.48032669092949,0.26071363507442,-0.500924480464001,0,1,0,0,0,0,0,0.679599015928434,0,0,1
1.83907691569233,0.726872663869764,-0.112650353119354,1,0,0,0,0,0,1,0.401529562438814,0,1,1
-0.565609741447023,-1.13776345131161,-0.552205968981218,1,0,0,0,0,0,1,1.93091155663172,1,1,1
0.770327290297061,-0.671604422516269,-0.478946699670908,1,0,0,0,0,0,1,0.262494835694004,1,1,1
1.83907691569233,0.726872663869764,-0.625465238291529,0,0,0,0,1,0,0,0.540564289183624,0,1,0
1.83907691569233,1.65919072146045,0.312253408880448,0,0,0,1,0,0,0,0.957668469418054,0,1,1
0.235952477599427,-1.60392248010696,-0.896524534739679,0,1,0,0,0,0,0,0.123460108949194,1,0,1
1.57188950934351,0.726872663869764,-0.0174133030159504,0,0,0,0,0,1,0,-0.0155746177956163,1,1,1
0.503139883948244,-0.205445393720924,-0.383709649567504,0,0,1,0,0,0,0,-1.26688715849891,1,0,1
0.663452327757534,0.726872663869764,-0.2884725994641,1,0,0,0,0,0,0,0.262494835694004,0,1,1
0.770327290297061,-0.205445393720924,-0.405687430360597,0,0,0,1,0,0,0,1.37477264965248,0,0,1
0.235952477599427,0.26071363507442,1.82872028360388,0,1,0,0,0,0,0,-0.432678798030046,1,0,1
-0.298422335098206,-0.671604422516269,-0.566857822843281,1,0,0,0,0,0,0,-0.571713524774856,1,0,1
1.30470210299469,0.26071363507442,-0.310450380257193,0,0,0,0,0,1,0,1.09670319616286,1,1,1
1.03751469664588,0.26071363507442,-0.654768946015653,0,0,0,1,0,0,1,0.540564289183624,0,0,1
0.235952477599427,-0.205445393720924,-0.691398580670809,0,0,0,1,0,0,0,0.818633742673244,0,0,1
1.83907691569233,0.726872663869764,-0.215213330153789,0,0,0,1,0,0,0,-0.154609344540426,1,1,1
0.503139883948244,-0.205445393720924,-0.676746726808747,0,1,0,0,0,0,0,0.262494835694004,1,1,1
2.37345172838996,1.65919072146045,-0.647443019084622,0,1,0,0,0,0,1,-1.26688715849891,1,1,1
-0.125284895784173,-0.205445393720924,-0.603487457498436,0,0,0,0,0,1,0,0.123460108949194,1,1,1
0.235952477599427,-0.205445393720924,-0.471620772739877,0,0,0,1,0,0,0,0.818633742673244,0,1,1
3.97657616648286,0.26071363507442,-0.442317065015752,1,0,0,0,0,0,1,1.09670319616286,1,1,1
0.235952477599427,-0.671604422516269,-0.332428161050286,1,0,0,0,0,0,1,0.818633742673244,1,1,1
0.503139883948244,-0.671604422516269,-0.398361503429566,1,0,0,0,0,0,0,0.262494835694004,0,1,1
0.235952477599427,-1.60392248010696,-0.317776307188224,0,0,0,1,0,0,0,1.79187682988691,0,1,1
0.235952477599427,-0.205445393720924,-0.22253925708482,1,0,0,0,0,0,0,-0.0155746177956163,0,1,1
1.30470210299469,1.19303169266511,1.09612759050077,0,0,0,1,0,0,0,0.123460108949194,1,0,1
0.235952477599427,0.26071363507442,1.96058696836244,1,0,0,0,0,0,1,0.262494835694004,0,1,1
0.235952477599427,-0.205445393720924,-0.449642991946783,0,0,1,0,0,0,1,-0.571713524774856,1,1,1
1.25126462172493,0.26071363507442,2.09977958005203,1,0,0,0,0,0,0,-0.571713524774856,0,1,1
0.610014846487771,-0.205445393720924,-0.405687430360597,1,0,0,0,0,0,0,0.540564289183624,0,0,1
0.235952477599427,-0.205445393720924,0.187712651052919,1,0,0,0,0,0,1,0.540564289183624,0,1,1
-0.833331522608537,-0.671604422516269,-0.706050434532871,0,0,0,0,0,1,0,2.34801573686615,0,1,1
-0.832797147795839,0.726872663869764,-0.193235549360696,1,0,0,0,0,0,0,-0.988817705009287,0,1,1
1.25126462172493,1.65919072146045,-0.42766521115369,0,0,0,0,0,1,0,-0.988817705009287,1,1,1
0.235952477599427,-0.205445393720924,-0.22253925708482,0,0,0,1,0,0,0,-0.432678798030046,0,1,1
1.83907691569233,0.26071363507442,-0.391035576498535,0,0,0,1,0,0,0,0.123460108949194,0,1,0
0.770327290297061,-0.205445393720924,0.0778237470874535,0,0,0,0,1,0,0,0.401529562438814,0,1,1
0.235952477599427,-0.205445393720924,-0.618139311360498,0,0,0,0,0,1,0,1.37477264965248,0,0,1
-0.298422335098206,2.1253497502558,-0.383709649567504,1,0,0,0,0,0,0,-1.26688715849891,1,0,1
-0.298422335098206,0.26071363507442,0.0411941124322981,0,0,0,0,0,1,0,0.262494835694004,0,0,1
-0.298422335098206,-0.205445393720924,-0.815939338498337,0,0,0,0,1,0,0,-0.849782978264476,1,1,1
0.235952477599427,-0.671604422516269,-0.588835603636374,1,0,0,0,0,0,0,-0.849782978264476,1,1,0
-1.09998455414466,-0.671604422516269,-0.874546753946586,0,0,0,0,0,1,0,-0.988817705009287,0,1,1
1.30470210299469,1.19303169266511,-0.486272626601939,0,0,1,0,0,0,0,0.401529562438814,1,0,1
0.235952477599427,1.19303169266511,-1.07234678108442,1,0,0,0,0,0,0,-0.988817705009287,0,1,1
0.235952477599427,-0.671604422516269,-0.625465238291529,1,0,0,0,0,0,0,-0.432678798030046,0,1,1
1.83907691569233,1.65919072146045,-0.859894900084523,1,0,0,0,0,0,1,-0.154609344540426,0,1,1
-0.832797147795839,1.19303169266511,0.209690431846013,1,0,0,0,0,0,0,0.262494835694004,0,0,1
0.503139883948244,1.19303169266511,1.24264612912139,1,0,0,0,0,0,0,0.540564289183624,1,1,1
2.10626432204114,0.26071363507442,-0.119976280050385,1,0,0,0,0,0,0,-0.849782978264476,1,1,0
2.90782654108759,0.726872663869764,0.575986778397566,0,0,0,0,1,0,0,0.540564289183624,1,1,0
1.83907691569233,0.726872663869764,0.649246047707877,1,0,0,0,0,0,0,-0.432678798030046,1,1,1
1.30470210299469,0.26071363507442,0.0192163316392049,1,0,0,0,0,0,0,0.262494835694004,1,0,1
1.94595187823185,0.26071363507442,1.15473500594902,0,0,1,0,0,0,0,-0.154609344540426,0,0,1
1.30470210299469,1.19303169266511,0.033868185501267,0,1,0,0,0,0,0,-0.849782978264476,0,1,1
1.83907691569233,1.19303169266511,0.0118904047081738,0,0,0,1,0,0,1,0.540564289183624,0,0,1
-0.469422275161449,0.26071363507442,-0.933154169394834,0,0,1,0,0,0,0,-0.154609344540426,0,0,1
-0.541562874875629,1.65919072146045,-0.684072653739778,0,0,1,0,0,0,1,-0.432678798030046,1,0,1
0.235952477599427,1.19303169266511,1.3159053984317,1,0,0,0,0,0,0,0.123460108949194,0,0,1
1.30470210299469,0.26071363507442,-0.42766521115369,1,0,0,0,0,0,0,-1.54495661198853,1,0,1
0.503139883948244,0.726872663869764,-0.251842964808945,1,0,0,0,0,0,0,-0.988817705009287,0,0,1
0.577952357725913,2.1253497502558,0.700527536225094,1,0,0,0,0,0,0,-1.40592188524372,1,0,1
-0.565609741447023,0.26071363507442,0.949609051880151,1,0,0,0,0,0,0,0.123460108949194,0,1,1
-0.565609741447023,1.19303169266511,-0.618139311360498,1,0,0,0,0,0,0,-0.432678798030046,1,0,1
-0.512172260177259,-0.205445393720924,-0.156605914705541,0,0,0,0,1,0,0,0.123460108949194,0,1,1
-0.405297297637733,-0.205445393720924,0.0192163316392049,0,0,0,0,1,0,1,0.123460108949194,1,1,1
0.770327290297061,1.65919072146045,0.356208970466634,0,0,0,0,0,1,0,2.06994628337653,0,1,1
-0.912953369700484,-0.671604422516269,0.707853463156125,1,0,0,0,0,0,1,0.401529562438814,1,0,1
-0.298422335098206,-0.205445393720924,-0.42766521115369,0,0,0,1,0,0,0,-0.293644071285236,1,0,1
-0.832797147795839,-0.205445393720924,-0.896524534739679,1,0,0,0,0,0,1,-0.988817705009287,1,0,1
-0.0312349287493892,0.26071363507442,-0.881872680877617,0,1,0,0,0,0,1,-0.293644071285236,1,1,1
-0.298422335098206,1.19303169266511,-0.735354142256995,0,1,0,0,0,0,0,-0.154609344540426,0,1,1
-0.405297297637733,-0.205445393720924,1.14740907901799,0,0,0,0,1,0,1,0.540564289183624,0,1,1
-0.939672110335366,-0.671604422516269,-0.391035576498535,0,0,0,1,0,0,0,-0.0155746177956163,0,0,1
-1.04654707287489,-1.13776345131161,-0.544880042050187,1,0,0,0,0,0,1,0.123460108949194,0,0,1
-0.939672110335366,-0.671604422516269,-0.471620772739877,0,0,0,0,1,0,1,0.540564289183624,0,1,1
-0.512172260177259,-1.60392248010696,-0.90385046167071,1,0,0,0,0,0,1,0.540564289183624,0,1,1
-0.832797147795839,-1.13776345131161,-0.881872680877617,1,0,0,0,0,0,0,0.957668469418054,0,1,1
-0.832797147795839,-0.671604422516269,-0.676746726808747,0,0,0,0,0,1,0,-0.293644071285236,0,0,1
0.770327290297061,1.19303169266511,0.114453381742609,0,0,0,1,0,0,0,-0.710748251519666,0,0,1
1.30470210299469,-1.60392248010696,1.08147573663871,0,0,0,0,0,1,1,1.93091155663172,1,1,1
-1.15342203541442,-1.13776345131161,-0.933154169394834,0,0,0,0,0,1,0,0.401529562438814,0,1,1
-0.832797147795839,-0.205445393720924,0.788438659397467,0,1,0,0,0,0,0,2.20898101012134,1,0,1
-0.538891000812141,-0.671604422516269,-0.486272626601939,0,0,0,1,0,0,0,-0.432678798030046,1,1,1
-0.592328482081904,1.65919072146045,-0.383709649567504,0,0,0,1,0,0,0,1.37477264965248,1,0,1
0.235952477599427,-0.205445393720924,-0.310450380257193,1,0,0,0,0,0,1,-0.154609344540426,1,0,1
0.396264921408717,1.19303169266511,0.129105235604671,1,0,0,0,0,0,1,-0.710748251519666,1,0,1
-0.565609741447023,-1.60392248010696,0.700527536225094,0,0,1,0,0,0,1,0.957668469418054,0,0,1
0.235952477599427,-0.205445393720924,0.0411941124322981,0,0,0,0,1,0,0,-0.571713524774856,1,0,1
1.03751469664588,0.26071363507442,-0.413013357291628,0,0,0,0,0,1,1,-0.432678798030046,1,0,1
0.0756400337901374,0.726872663869764,-0.815939338498337,0,0,0,1,0,0,1,2.06994628337653,1,0,1
-0.458734778907496,-0.205445393720924,-0.596161530567405,0,0,1,0,0,0,0,0.262494835694004,0,1,1
1.83907691569233,2.1253497502558,-0.413013357291628,0,1,0,0,0,0,0,-0.293644071285236,1,0,1
0.610014846487771,1.65919072146045,-0.684072653739778,1,0,0,0,0,0,0,-0.432678798030046,0,0,1
-0.298422335098206,0.726872663869764,1.24264612912139,0,0,1,0,0,0,0,0.401529562438814,0,1,1
0.235952477599427,0.726872663869764,-0.42766521115369,0,0,1,0,0,0,1,-0.849782978264476,1,0,1
0.235952477599427,0.26071363507442,0.378186751259727,0,0,1,0,0,0,0,-1.26688715849891,1,1,1
1.03751469664588,0.726872663869764,0.231668212639106,0,0,1,0,0,0,1,0.401529562438814,1,1,1
0.369546180773836,-0.205445393720924,0.304927481949417,0,0,1,0,0,0,0,0.123460108949194,1,1,1
-0.298422335098206,1.19303169266511,-0.22253925708482,0,0,0,0,1,0,1,-0.0155746177956163,1,1,1
-0.565609741447023,0.26071363507442,0.217016358777044,0,0,0,0,1,0,0,-0.710748251519666,1,1,1
0.503139883948244,0.26071363507442,-0.119976280050385,0,1,0,0,0,0,1,-0.293644071285236,0,1,1
-0.939672110335366,-0.671604422516269,-0.97710973098102,0,0,1,0,0,0,0,1.37477264965248,0,1,1
0.235952477599427,-0.205445393720924,0.217016358777044,0,0,1,0,0,0,0,0.818633742673244,1,1,1
0.235952477599427,-1.60392248010696,0.40016453205282,0,0,0,0,0,1,0,1.23573792290767,1,1,1
-0.405297297637733,-0.205445393720924,-0.0613688646021369,0,0,1,0,0,0,0,1.09670319616286,1,0,1
1.19782714045517,1.19303169266511,-0.413013357291628,0,0,0,0,1,0,0,1.23573792290767,1,1,1
-0.619047222716786,0.26071363507442,-0.332428161050286,1,0,0,0,0,0,1,-1.26688715849891,1,0,1
-0.298422335098206,2.1253497502558,0.290275628087354,1,0,0,0,0,0,1,0.262494835694004,0,0,1
-0.0312349287493892,1.19303169266511,-0.566857822843281,1,0,0,0,0,0,0,0.401529562438814,0,1,1
-0.725922185256313,0.26071363507442,-0.391035576498535,0,0,0,0,0,1,0,0.262494835694004,1,1,1
-0.565609741447023,-0.205445393720924,-0.141954060843479,1,0,0,0,0,0,0,0.818633742673244,0,1,1
-0.725922185256313,0.26071363507442,-0.361731868774411,0,0,0,1,0,0,0,0.123460108949194,0,1,1
0.770327290297061,1.65919072146045,-0.229865184015851,0,1,0,0,0,0,1,0.262494835694004,1,1,1
-0.298422335098206,-0.671604422516269,-0.669420799877716,0,0,1,0,0,0,0,1.23573792290767,1,0,1
-1.04654707287489,-1.13776345131161,-0.105324426188323,1,0,0,0,0,0,1,2.34801573686615,1,0,1
-0.138109891288916,0.726872663869764,-0.925828242463803,0,0,0,1,0,0,0,0.262494835694004,0,1,1
-0.939672110335366,-0.671604422516269,-0.610813384429467,0,0,0,0,0,1,0,-1.1278524317541,0,0,1
-1.13204704290651,-1.13776345131161,-1.00641343870514,1,0,0,0,0,0,1,0.401529562438814,0,1,1
-0.993109591605129,-0.671604422516269,-0.97710973098102,1,0,0,0,0,0,0,-0.571713524774856,1,1,1
0.449702402678481,0.26071363507442,1.57963876794882,0,0,0,1,0,0,0,0.957668469418054,1,1,1
-1.28701573858883,-0.205445393720924,-0.97710973098102,0,0,1,0,0,0,1,-1.54495661198853,1,1,1
-0.298422335098206,0.26071363507442,0.956934978811182,1,0,0,0,0,0,0,0.540564289183624,1,1,1
-0.298422335098206,-0.671604422516269,0.4660978744321,0,0,0,1,0,0,0,0.123460108949194,0,1,0
0.503139883948244,1.65919072146045,-0.464294845808846,1,0,0,0,0,0,0,0.401529562438814,0,1,1
-0.565609741447023,-1.13776345131161,0.282949701156323,0,0,1,0,0,0,0,0.540564289183624,0,1,1
0.556577365218007,-1.13776345131161,-0.728028215325964,0,0,1,0,0,0,1,-0.432678798030046,0,1,0
-1.16410953166837,-1.13776345131161,0.341557116604572,0,0,0,0,0,1,0,-0.154609344540426,0,1,0
2.37345172838996,-1.60392248010696,-0.654768946015653,1,0,0,0,0,0,1,-1.26688715849891,0,0,1
0.235952477599427,0.26071363507442,-0.22253925708482,0,0,1,0,0,0,0,-1.26688715849891,0,1,1
-0.298422335098206,-1.13776345131161,0.429468239776945,1,0,0,0,0,0,0,-0.988817705009287,1,1,1
-0.191547372558679,0.726872663869764,0.363534897397665,0,0,1,0,0,0,0,-1.54495661198853,0,1,1
-0.138109891288916,0.26071363507442,-0.35440594184338,0,0,0,0,0,1,0,2.06994628337653,1,1,1
-0.832797147795839,0.26071363507442,0.649246047707877,1,0,0,0,0,0,0,0.262494835694004,0,1,1
0.663452327757534,1.19303169266511,-0.317776307188224,0,0,1,0,0,0,0,-0.571713524774856,0,1,1
-0.298422335098206,-0.671604422516269,-0.559531895912249,1,0,0,0,0,0,0,1.79187682988691,0,0,1
-0.565609741447023,-0.205445393720924,-0.22253925708482,1,0,0,0,0,0,1,-0.988817705009287,1,1,1
0.235952477599427,2.1253497502558,-0.669420799877716,0,0,0,0,1,0,0,-0.988817705009287,0,1,1
-0.351859816367969,-0.205445393720924,-0.779309703843182,0,0,0,0,1,0,1,-1.54495661198853,0,1,0
-0.565609741447023,-0.671604422516269,-0.273820745602038,1,0,0,0,0,0,0,-0.571713524774856,1,0,1
0.235952477599427,0.26071363507442,0.0778237470874535,0,0,0,1,0,0,0,-0.0155746177956163,0,0,1
-0.832797147795839,1.19303169266511,-0.684072653739778,0,0,0,0,1,0,0,2.76511991710058,1,1,1
0.182514996329664,-1.13776345131161,0.238994139570137,1,0,0,0,0,0,1,0.262494835694004,0,1,1
0.235952477599427,-0.205445393720924,-0.97710973098102,1,0,0,0,0,0,0,0.123460108949194,0,1,1
-1.15342203541442,-0.671604422516269,-1.14560605039473,0,0,0,0,1,0,1,-0.849782978264476,1,0,1
-1.04654707287489,-1.13776345131161,-0.801287484636275,1,0,0,0,0,0,1,-0.293644071285236,0,1,1
-0.832797147795839,0.26071363507442,0.4660978744321,0,0,0,1,0,0,1,-0.0155746177956163,1,1,1
-0.512172260177259,-0.671604422516269,-0.69872450760184,0,0,0,0,1,0,0,2.90415464384539,1,1,1
0.235952477599427,0.726872663869764,-0.215213330153789,0,0,1,0,0,0,0,-1.26688715849891,1,1,0
-0.832797147795839,-1.13776345131161,-0.471620772739877,0,0,1,0,0,0,0,-0.710748251519666,1,0,1
-0.565609741447023,0.26071363507442,-0.273820745602038,0,0,1,0,0,0,0,-0.988817705009287,1,0,1
-1.23518138175716,-1.13776345131161,-0.310450380257193,1,0,0,0,0,0,0,0.262494835694004,0,0,1
-0.886234629065603,-1.60392248010696,-1.01373936563618,1,0,0,0,0,0,1,0.401529562438814,0,1,1
-1.20685951668418,-1.60392248010696,-0.720702288394933,1,0,0,0,0,0,0,1.6528421031421,0,0,1
-0.298422335098206,-1.13776345131161,-0.0906725723262611,1,0,0,0,0,0,1,1.79187682988691,0,1,1
-0.886234629065603,-0.205445393720924,-0.793961557705244,0,0,0,0,0,1,0,-1.1278524317541,1,1,1
-0.565609741447023,-0.671604422516269,-0.77198377691215,1,0,0,0,0,0,0,-1.54495661198853,1,1,1
-1.09998455414466,-1.13776345131161,-0.874546753946586,1,0,0,0,0,0,0,-0.988817705009287,0,1,1
0.492452387694291,0.26071363507442,-0.984435657912052,1,0,0,0,0,0,1,1.79187682988691,0,1,1
-1.20685951668418,-1.60392248010696,-1.06502085415339,0,0,1,0,0,0,0,0.401529562438814,1,0,1
1.30470210299469,-0.671604422516269,-0.852568973153492,1,0,0,0,0,0,0,2.48705046361096,1,1,1
-1.20685951668418,-1.13776345131161,-1.06502085415339,0,0,1,0,0,0,1,-1.54495661198853,1,0,1
-0.832797147795839,-0.205445393720924,-0.830591192360399,0,0,0,0,1,0,1,0.957668469418054,0,1,1
-0.565609741447023,-0.671604422516269,-0.940480096325865,1,0,0,0,0,0,1,1.79187682988691,0,1,1
1.30470210299469,-0.671604422516269,-0.955131950187927,1,0,0,0,0,0,0,-0.293644071285236,1,0,1
0.235952477599427,0.26071363507442,-0.742680069188026,1,0,0,0,0,0,0,1.23573792290767,1,1,0
-1.09998455414466,-1.13776345131161,-1.03571714642927,1,0,0,0,0,0,1,0.401529562438814,1,1,1
-1.04654707287489,-0.671604422516269,-0.925828242463803,0,0,0,0,1,0,0,-1.54495661198853,0,1,1
0.235952477599427,0.26071363507442,-0.332428161050286,1,0,0,0,0,0,0,0.262494835694004,1,1,0
-0.244984853828443,-0.205445393720924,-0.786635630774213,0,0,0,0,1,0,1,-1.68399133873334,0,1,1
0.770327290297061,-0.205445393720924,-0.991761584843083,0,1,0,0,0,0,0,-0.849782978264476,0,1,0
0.770327290297061,1.19303169266511,7.59422477832533,0,0,1,0,0,0,0,0.818633742673244,0,0,1
0.235952477599427,-0.205445393720924,-0.339754087981317,0,0,0,1,0,0,1,-0.293644071285236,1,1,0
1.41157706553422,2.1253497502558,1.47707579091439,0,0,0,0,0,1,0,-1.26688715849891,1,1,1
0.770327290297061,0.26071363507442,1.20601649446624,0,0,0,1,0,0,0,0.540564289183624,1,1,0
1.30470210299469,1.65919072146045,-0.471620772739877,0,0,0,0,1,0,1,1.37477264965248,0,1,1
0.235952477599427,-1.60392248010696,1.30857947150067,0,0,0,0,1,0,1,0.818633742673244,0,1,1
0.770327290297061,1.19303169266511,0.554008997604473,0,0,0,1,0,0,0,2.90415464384539,1,1,1
0.235952477599427,0.726872663869764,1.95326104143141,0,1,0,0,0,0,0,-0.293644071285236,1,0,1
-0.832797147795839,-0.205445393720924,0.414816385914883,1,0,0,0,0,0,0,-0.710748251519666,1,1,1
0.235952477599427,1.19303169266511,0.187712651052919,0,0,0,0,0,1,1,2.76511991710058,0,1,1
-0.191547372558679,1.65919072146045,-0.398361503429566,1,0,0,0,0,0,0,-1.26688715849891,0,0,1
0.770327290297061,1.19303169266511,-0.654768946015653,0,0,0,0,0,1,1,-1.82302606547815,0,1,1
-0.298422335098206,0.26071363507442,0.920305344156026,1,0,0,0,0,0,0,0.540564289183624,1,0,1
1.30470210299469,0.26071363507442,-0.35440594184338,0,0,1,0,0,0,1,0.123460108949194,0,1,1
5.57970060457576,1.65919072146045,3.55031311239618,1,0,0,0,0,0,0,1.93091155663172,0,1,1
-1.20685951668418,-1.60392248010696,-0.478946699670908,0,0,0,1,0,0,1,2.20898101012134,0,0,1
-0.138109891288916,0.726872663869764,0.0851496740184845,1,0,0,0,0,0,1,-1.68399133873334,1,1,1
-0.298422335098206,-1.13776345131161,-0.566857822843281,0,0,0,0,1,0,0,-1.54495661198853,1,1,1
-0.565609741447023,0.26071363507442,-1.00641343870514,0,0,0,0,1,0,0,-1.54495661198853,1,1,1
-1.26029699795395,-1.60392248010696,-0.552205968981218,0,0,1,0,0,0,0,-0.988817705009287,1,0,1
-0.993109591605129,-0.205445393720924,-0.823265265429368,0,0,0,0,0,1,0,0.540564289183624,1,1,1
0.235952477599427,-1.13776345131161,0.488075655225193,0,0,0,1,0,0,1,0.123460108949194,1,0,1
-1.04654707287489,-1.13776345131161,-0.984435657912052,1,0,0,0,0,0,0,-0.988817705009287,1,1,1
-0.725922185256313,-0.671604422516269,-0.947806023256896,1,0,0,0,0,0,1,-0.154609344540426,1,0,1
-1.20685951668418,-1.60392248010696,-0.845243046222461,0,0,0,0,1,0,1,-0.432678798030046,0,0,1
1.62532699061327,2.1253497502558,0.634594193845815,0,0,0,0,0,1,0,-0.849782978264476,1,1,1
-1.07326581350977,-0.205445393720924,-0.317776307188224,1,0,0,0,0,0,0,-0.293644071285236,1,1,0
-0.298422335098206,2.1253497502558,0.238994139570137,1,0,0,0,0,0,0,0.123460108949194,1,0,1
1.30470210299469,1.65919072146045,0.0118904047081738,1,0,0,0,0,0,0,-0.849782978264476,0,0,1
-0.191547372558679,1.65919072146045,-0.925828242463803,0,0,1,0,0,0,1,-0.432678798030046,0,1,1
1.19782714045517,2.1253497502558,4.17301690153382,1,0,0,0,0,0,1,1.51380737639729,1,1,1
-0.298422335098206,1.65919072146045,1.24264612912139,0,0,1,0,0,0,0,1.09670319616286,1,1,1
0.342827440138954,0.726872663869764,2.20966848401749,1,0,0,0,0,0,0,-0.0155746177956163,0,1,1
0.503139883948244,1.19303169266511,1.17671278674211,0,0,0,1,0,0,1,0.957668469418054,0,1,1
1.57188950934351,2.1253497502558,0.187712651052919,1,0,0,0,0,0,1,-0.849782978264476,1,1,0
-0.298422335098206,2.1253497502558,-0.588835603636374,0,0,0,0,0,1,1,-1.26688715849891,1,0,1
0.235952477599427,-1.60392248010696,1.45509801012129,0,0,0,0,0,1,1,-0.0155746177956163,0,1,1
1.30470210299469,2.1253497502558,0.304927481949417,1,0,0,0,0,0,0,0.262494835694004,1,0,1
-0.138109891288916,1.65919072146045,1.67487581805223,0,0,1,0,0,0,0,0.262494835694004,0,0,1
1.83907691569233,0.726872663869764,1.4331202293282,1,0,0,0,0,0,0,1.37477264965248,0,1,1
0.235952477599427,0.26071363507442,-0.713376361463902,0,0,1,0,0,0,0,-1.1278524317541,1,1,1
1.03751469664588,1.65919072146045,-0.171257768567603,1,0,0,0,0,0,0,0.262494835694004,1,0,1
1.30470210299469,0.26071363507442,-0.566857822843281,0,0,0,1,0,0,1,-0.154609344540426,1,0,1
1.7322019531528,2.1253497502558,0.40016453205282,1,0,0,0,0,0,0,0.262494835694004,0,0,1
1.22454588109005,2.1253497502558,0.546683070673442,0,0,1,0,0,0,1,-0.988817705009287,0,1,1
-0.0312349287493892,2.1253497502558,-0.163931841636572,1,0,0,0,0,0,0,0.123460108949194,1,1,1
1.30470210299469,2.1253497502558,0.971586832673244,1,0,0,0,0,0,0,-1.1278524317541,0,1,1
1.83907691569233,2.1253497502558,0.0192163316392049,0,0,0,1,0,0,0,-0.154609344540426,0,1,1
0.930639734106351,1.19303169266511,1.19136464060418,0,0,0,1,0,0,0,-0.571713524774856,1,0,1
0.235952477599427,0.726872663869764,0.480749728294162,0,0,1,0,0,0,1,0.123460108949194,0,1,1
-0.298422335098206,1.19303169266511,1.09612759050077,0,1,0,0,0,0,1,-0.0155746177956163,0,0,1
1.30470210299469,-0.205445393720924,-0.830591192360399,0,0,0,1,0,0,0,-0.710748251519666,1,0,1
0.716889809027297,1.65919072146045,-0.669420799877716,0,0,1,0,0,0,1,0.401529562438814,1,1,1
1.30470210299469,2.1253497502558,-0.552205968981218,1,0,0,0,0,0,1,-1.82302606547815,0,1,1
-0.298422335098206,1.65919072146045,0.195038577983951,0,0,0,0,1,0,0,-1.26688715849891,0,1,1
0.503139883948244,0.726872663869764,-0.742680069188026,0,0,0,0,0,1,1,-0.432678798030046,0,0,1
-0.346516068240993,2.1253497502558,0.165734870259826,0,0,1,0,0,0,1,0.123460108949194,1,0,1
-0.725922185256313,1.19303169266511,0.649246047707877,0,0,1,0,0,0,0,-0.0155746177956163,1,0,1
-0.138109891288916,1.65919072146045,1.71883137963841,0,0,1,0,0,0,0,1.51380737639729,1,0,1
-1.20685951668418,-0.671604422516269,-0.90385046167071,0,0,0,0,1,0,0,0.262494835694004,1,0,1
0.235952477599427,1.19303169266511,-0.940480096325865,0,0,0,1,0,0,0,-0.710748251519666,1,1,1
-0.512172260177259,0.26071363507442,-0.815939338498337,0,0,0,0,0,1,0,-0.710748251519666,1,1,1
0.235952477599427,0.26071363507442,0.612616413052722,1,0,0,0,0,0,0,0.401529562438814,0,1,1
-1.09998455414466,-1.13776345131161,-0.14927998777451,1,0,0,0,0,0,1,1.23573792290767,0,1,1
-0.939672110335366,-0.671604422516269,-0.750005996119057,1,0,0,0,0,0,0,0.123460108949194,1,1,1
-0.832797147795839,-0.671604422516269,0.554008997604473,1,0,0,0,0,0,1,0.540564289183624,0,1,1
-0.565609741447023,-0.671604422516269,0.0411941124322981,1,0,0,0,0,0,0,0.401529562438814,0,1,1
-0.832797147795839,-1.13776345131161,-0.2884725994641,1,0,0,0,0,0,0,0.818633742673244,0,1,1
-1.09998455414466,-1.13776345131161,-0.603487457498436,1,0,0,0,0,0,0,0.540564289183624,1,0,1
-0.725922185256313,-0.671604422516269,0.0485200393633292,1,0,0,0,0,0,1,0.262494835694004,0,1,1
-0.298422335098206,-0.205445393720924,-0.369057795705442,0,0,0,0,1,0,0,0.123460108949194,1,1,1
-0.939672110335366,-1.13776345131161,-0.764657849981119,1,0,0,0,0,0,1,-0.988817705009287,1,1,0
-0.565609741447023,-0.671604422516269,-0.691398580670809,0,0,0,1,0,0,1,-1.54495661198853,1,0,1
-0.565609741447023,-0.205445393720924,-0.566857822843281,0,0,0,1,0,0,0,-0.988817705009287,0,0,1
0.235952477599427,-0.205445393720924,-0.237191110946882,1,0,0,0,0,0,0,0.401529562438814,0,1,1
-0.565609741447023,-0.205445393720924,1.30857947150067,1,0,0,0,0,0,0,-0.849782978264476,0,1,1
-0.725922185256313,0.26071363507442,0.568660851466535,0,0,0,0,1,0,1,0.401529562438814,1,0,1
-0.565609741447023,-0.205445393720924,-0.347080014912349,0,0,0,1,0,0,0,0.262494835694004,1,0,1
-0.78737528871654,-0.205445393720924,-0.2884725994641,0,0,0,0,1,0,0,-0.293644071285236,0,1,1
1.03751469664588,2.1253497502558,6.56126908104995,0,0,0,0,1,0,1,3.18222409733501,1,0,1
-0.832797147795839,-1.13776345131161,0.334231189673541,1,0,0,0,0,0,0,-0.849782978264476,1,0,0
-0.262084847834767,0.26071363507442,-0.22253925708482,1,0,0,0,0,0,1,0.540564289183624,0,1,0
1.41157706553422,1.65919072146045,4.26092802470619,0,0,0,0,1,0,0,0.818633742673244,0,0,1
-0.931122113332204,-1.13776345131161,-0.0247392299469815,0,0,1,0,0,0,0,-0.154609344540426,0,0,1
0.129077515059901,0.726872663869764,-0.141954060843479,0,0,0,1,0,0,0,-0.293644071285236,0,1,1
-0.779359666526076,-0.205445393720924,-0.0833466453952301,0,0,1,0,0,0,0,-1.68399133873334,1,0,1
0.770327290297061,-0.671604422516269,-0.251842964808945,1,0,0,0,0,0,0,-0.0155746177956163,1,1,0
0.235952477599427,0.26071363507442,-0.515576334326063,0,0,0,0,1,0,0,-0.849782978264476,0,0,1
-0.672484703986549,-0.205445393720924,-0.500924480464001,1,0,0,0,0,0,0,-0.154609344540426,1,0,1
-1.09998455414466,-1.60392248010696,-0.266494818671007,1,0,0,0,0,0,0,-1.54495661198853,0,0,1
-0.0312349287493892,1.65919072146045,0.275623774225292,0,0,0,0,1,0,0,-1.82302606547815,1,0,1
0.770327290297061,1.65919072146045,1.48440171784542,1,0,0,0,0,0,0,0.401529562438814,0,1,1
0.235952477599427,1.19303169266511,0.825068294052622,0,0,0,1,0,0,0,2.20898101012134,0,1,1
-0.164828631923798,-0.205445393720924,2.19501663015543,0,0,1,0,0,0,0,-0.710748251519666,0,0,1
-0.923640865954437,-0.671604422516269,-0.566857822843281,0,0,1,0,0,0,0,0.818633742673244,0,1,1
0.770327290297061,1.19303169266511,0.480749728294162,1,0,0,0,0,0,0,0.540564289183624,0,1,1
0.770327290297061,2.1253497502558,0.722505317018188,1,0,0,0,0,0,1,-1.68399133873334,0,1,1
-0.653781585542132,-0.671604422516269,0.173060797190857,1,0,0,0,0,0,1,0.123460108949194,0,0,1
-0.832797147795839,-0.671604422516269,0.187712651052919,1,0,0,0,0,0,0,-0.432678798030046,0,0,1
1.30470210299469,0.26071363507442,-0.259168891739976,0,0,0,0,1,0,1,0.818633742673244,0,0,1
-0.779359666526076,-0.671604422516269,-0.940480096325865,1,0,0,0,0,0,0,0.401529562438814,1,0,1
-0.378578557002851,1.19303169266511,-0.691398580670809,0,1,0,0,0,0,1,0.540564289183624,0,1,1
-0.298422335098206,-0.671604422516269,-0.22253925708482,1,0,0,0,0,0,0,0.818633742673244,0,1,0
-0.565609741447023,-0.205445393720924,2.20966848401749,0,0,0,0,1,0,0,1.09670319616286,1,1,1
0.235952477599427,-1.60392248010696,0.854372001776747,1,0,0,0,0,0,0,-0.432678798030046,0,1,1
0.449702402678481,-0.671604422516269,0.0411941124322981,0,0,0,1,0,0,1,-0.154609344540426,1,1,1
1.83907691569233,1.19303169266511,-1.10897641573958,0,0,0,1,0,0,0,-0.571713524774856,0,0,1
0.129077515059901,-0.205445393720924,-0.735354142256995,0,1,0,0,0,0,0,-0.293644071285236,1,0,1
-0.565609741447023,-0.205445393720924,-0.0174133030159504,0,0,0,0,1,0,0,1.93091155663172,1,1,0
-0.832797147795839,-0.671604422516269,-0.376383722636473,1,0,0,0,0,0,0,-0.849782978264476,0,0,1
-0.298422335098206,-1.13776345131161,0.0411941124322981,1,0,0,0,0,0,0,-0.571713524774856,0,0,1
1.1443896591854,-0.205445393720924,-0.405687430360597,0,0,0,0,0,1,0,-0.154609344540426,0,1,0
-0.725922185256313,-0.671604422516269,0.898327563362933,1,0,0,0,0,0,0,-0.293644071285236,0,0,1
-1.20685951668418,-1.60392248010696,0.32690526274251,0,0,1,0,0,0,1,-0.0155746177956163,0,1,1
-0.565609741447023,-0.205445393720924,-0.530228188188125,0,0,0,0,0,1,0,-1.1278524317541,1,1,0
0.235952477599427,-1.60392248010696,0.0411941124322981,0,0,1,0,0,0,1,1.51380737639729,0,0,1
-1.28167199046185,-1.13776345131161,-0.676746726808747,1,0,0,0,0,0,1,0.123460108949194,0,0,1
0.235952477599427,-0.205445393720924,-0.112650353119354,0,0,0,1,0,0,0,-0.432678798030046,1,1,0
0.235952477599427,1.19303169266511,-0.325102234119255,1,0,0,0,0,0,0,-0.849782978264476,1,1,1
-0.619047222716786,-1.13776345131161,-0.815939338498337,1,0,0,0,0,0,1,-1.68399133873334,1,0,1
-0.0312349287493892,-0.205445393720924,-0.603487457498436,0,0,0,0,0,1,1,-1.40592188524372,1,0,1
0.235952477599427,0.726872663869764,-0.49359855353297,0,0,0,0,1,0,0,0.818633742673244,0,1,1
0.770327290297061,-0.205445393720924,-0.566857822843281,0,0,1,0,0,0,0,-0.988817705009287,1,0,1
-1.09998455414466,-1.13776345131161,-0.610813384429467,0,1,0,0,0,0,0,-0.0155746177956163,1,0,1
-0.832797147795839,-1.13776345131161,-1.01373936563618,0,1,0,0,0,0,0,0.401529562438814,0,1,1
-1.09998455414466,-1.13776345131161,-0.867220827015554,0,1,0,0,0,0,1,-0.571713524774856,0,1,1
-1.04654707287489,-1.60392248010696,-0.808613411567306,0,0,0,1,0,0,0,0.401529562438814,0,0,1
-0.405297297637733,-0.671604422516269,-0.640117092153591,0,0,0,0,1,0,0,1.09670319616286,1,1,0
-0.939672110335366,-0.671604422516269,-1.00641343870514,0,0,0,0,0,1,0,-1.54495661198853,0,1,1
-1.12670329477954,-1.60392248010696,-0.999087511774114,0,0,1,0,0,0,1,-1.1278524317541,0,0,1
1.30470210299469,0.26071363507442,-0.537554115119156,0,1,0,0,0,0,0,-1.26688715849891,1,1,1
-0.298422335098206,-0.671604422516269,-1.00641343870514,0,1,0,0,0,0,1,-0.293644071285236,1,1,1
0.235952477599427,1.19303169266511,0.517379362949318,0,0,1,0,0,0,0,-0.432678798030046,0,1,1
-0.832797147795839,-0.671604422516269,0.238994139570137,0,1,0,0,0,0,0,0.957668469418054,0,1,0
0.770327290297061,-0.671604422516269,1.14740907901799,1,0,0,0,0,0,0,0.401529562438814,1,1,1
0.235952477599427,0.26071363507442,0.854372001776747,0,1,0,0,0,0,0,-0.571713524774856,1,0,1
-1.09998455414466,-1.60392248010696,-0.134628133912448,0,0,1,0,0,0,0,-0.293644071285236,1,0,1
-1.20685951668418,-1.60392248010696,-0.63279116522256,0,0,0,0,1,0,1,1.93091155663172,1,0,1
2.85438905981783,2.1253497502558,2.57596483056905,0,0,1,0,0,0,1,0.262494835694004,1,1,1
3.44220135378523,1.19303169266511,1.59429062181088,1,0,0,0,0,0,0,2.34801573686615,0,1,1
0.235952477599427,-0.671604422516269,0.649246047707877,1,0,0,0,0,0,0,-0.571713524774856,1,1,1
-0.565609741447023,1.19303169266511,0.0704978201564224,0,0,0,1,0,0,1,0.540564289183624,1,1,1
0.235952477599427,1.19303169266511,0.165734870259826,0,0,1,0,0,0,0,0.123460108949194,1,1,0
0.770327290297061,0.726872663869764,-0.0100873760849194,1,0,0,0,0,0,1,0.540564289183624,1,1,1
1.83907691569233,2.1253497502558,5.95321714577437,0,1,0,0,0,0,1,1.79187682988691,1,1,1
0.503139883948244,0.726872663869764,-0.896524534739679,0,0,0,1,0,0,0,-0.710748251519666,1,1,0
-0.832797147795839,0.726872663869764,0.143757089466733,0,0,0,0,1,0,0,-1.1278524317541,1,1,1
0.963236597680906,2.1253497502558,1.69685359884532,0,0,1,0,0,0,1,-0.432678798030046,1,1,1
-0.832797147795839,-0.671604422516269,-0.0174133030159504,0,0,1,0,0,0,0,0.818633742673244,0,1,1
-0.565609741447023,-1.60392248010696,-0.581509676705343,0,0,1,0,0,0,0,0.401529562438814,0,0,1
2.37345172838996,1.19303169266511,-0.881872680877617,0,0,0,0,1,0,0,-0.432678798030046,1,1,1
1.47730516749603,0.26071363507442,1.7627869412246,0,1,0,0,0,0,0,-0.988817705009287,0,1,1
0.129077515059901,-0.671604422516269,0.678549755432001,0,1,0,0,0,0,0,0.123460108949194,0,1,1
1.30470210299469,0.26071363507442,0.751809024742312,0,0,1,0,0,0,0,0.262494835694004,0,0,1
0.0756400337901374,0.26071363507442,0.0558459662943602,0,0,0,0,1,0,0,0.540564289183624,0,1,1
-0.912953369700484,-0.671604422516269,0.788438659397467,1,0,0,0,0,0,1,-0.571713524774856,0,1,1
-0.565609741447023,-0.671604422516269,0.0998015278805467,0,0,0,0,1,0,0,-0.571713524774856,0,1,1
0.770327290297061,0.726872663869764,-0.207887403222758,0,0,0,1,0,0,0,0.401529562438814,1,1,1
0.503139883948244,-0.671604422516269,-0.339754087981317,0,0,0,0,1,0,1,0.262494835694004,1,0,1
0.235952477599427,1.65919072146045,0.751809024742312,0,0,0,0,1,0,0,-0.0155746177956163,0,0,1
-0.0312349287493892,1.19303169266511,-0.566857822843281,1,0,0,0,0,0,0,0.401529562438814,0,1,1
2.37345172838996,2.1253497502558,0.825068294052622,0,1,0,0,0,0,0,-0.154609344540426,0,0,1
-0.725922185256313,0.726872663869764,-0.508250407395032,1,0,0,0,0,0,0,-0.988817705009287,1,0,1
-1.09998455414466,-1.13776345131161,-0.310450380257193,1,0,0,0,0,0,1,0.401529562438814,1,0,1
-1.15342203541442,-1.13776345131161,-0.933154169394834,0,0,0,0,0,1,0,0.401529562438814,0,1,1
0.0222025525203741,0.726872663869764,-0.295798526395131,0,0,0,0,1,0,0,0.401529562438814,0,1,0
1.30470210299469,1.19303169266511,-0.918502315532772,0,1,0,0,0,0,1,-0.988817705009287,0,0,1
1.83907691569233,1.65919072146045,0.385512678190758,0,0,1,0,0,0,1,-0.293644071285236,0,1,0
3.97657616648286,0.26071363507442,-0.654768946015653,0,0,0,0,0,1,1,-0.710748251519666,0,1,1
-1.09998455414466,-1.13776345131161,-0.815939338498337,1,0,0,0,0,0,0,2.48705046361096,1,1,1
0.235952477599427,1.65919072146045,-0.588835603636374,0,0,0,1,0,0,0,3.0431893705902,1,0,1
0.930639734106351,2.1253497502558,0.634594193845815,0,0,0,1,0,0,0,-0.432678798030046,0,1,1
-0.0312349287493892,-0.671604422516269,-0.383709649567504,1,0,0,0,0,0,0,0.540564289183624,0,1,1
-0.565609741447023,-0.671604422516269,-0.369057795705442,0,0,0,1,0,0,0,-0.710748251519666,1,1,1
-1.2709844942079,-1.60392248010696,-0.90385046167071,0,0,1,0,0,0,0,1.6528421031421,0,0,1
-0.832797147795839,-1.13776345131161,-0.874546753946586,1,0,0,0,0,0,1,-0.0155746177956163,0,0,1
-1.04654707287489,-0.671604422516269,0.0118904047081738,0,0,0,0,0,1,0,-0.293644071285236,1,1,1
-0.886234629065603,-0.671604422516269,-0.281146672533069,0,0,0,0,0,1,1,-0.849782978264476,0,1,1
-1.23357825731906,-1.13776345131161,-0.984435657912052,1,0,0,0,0,0,1,-1.1278524317541,1,0,1
-1.09998455414466,-1.13776345131161,0.312253408880448,0,0,0,0,0,1,0,-1.1278524317541,1,0,1
-0.832797147795839,-1.13776345131161,-0.391035576498535,0,0,0,0,0,1,1,-0.432678798030046,1,1,0
-0.832797147795839,-1.13776345131161,-1.10165048880855,0,0,0,0,0,1,0,-0.432678798030046,0,0,1
-1.09998455414466,-1.13776345131161,-0.244517037877914,0,0,0,0,1,0,0,2.34801573686615,1,0,1
-1.26029699795395,-1.60392248010696,-1.07967270801546,1,0,0,0,0,0,1,-1.26688715849891,1,1,1
0.235952477599427,-0.671604422516269,-0.947806023256896,1,0,0,0,0,0,1,0.957668469418054,1,1,1
-0.298422335098206,-0.671604422516269,-0.969783804049989,0,0,1,0,0,0,1,-0.571713524774856,1,1,1
-1.12670329477954,-1.13776345131161,-1.14560605039473,0,0,0,0,0,1,1,0.540564289183624,1,0,1
-0.939672110335366,-0.671604422516269,-0.933154169394834,1,0,0,0,0,0,1,0.679599015928434,1,1,1
-0.244984853828443,0.26071363507442,0.451446020570038,0,0,1,0,0,0,0,2.06994628337653,1,0,1
-0.832797147795839,-0.671604422516269,-0.237191110946882,0,0,0,0,0,1,1,-0.710748251519666,1,0,1
2.37345172838996,0.726872663869764,5.51366152991251,0,1,0,0,0,0,0,-0.710748251519666,1,0,1
0.235952477599427,1.65919072146045,1.41114244853511,1,0,0,0,0,0,0,1.37477264965248,0,1,1
-0.565609741447023,1.19303169266511,0.729831243949219,0,0,0,0,1,0,0,0.123460108949194,0,1,1
0.716889809027297,2.1253497502558,2.04849809153481,0,0,1,0,0,0,0,0.262494835694004,1,1,1
0.1744993741392,-0.205445393720924,-0.471620772739877,0,1,0,0,0,0,0,-0.154609344540426,1,1,1
-0.832797147795839,-0.671604422516269,0.026542258570236,1,0,0,0,0,0,0,-0.571713524774856,1,0,1
3.17501394743641,0.26071363507442,0.700527536225094,1,0,0,0,0,0,1,1.51380737639729,0,0,1
0.235952477599427,1.19303169266511,0.165734870259826,0,0,1,0,0,0,0,0.123460108949194,1,1,0
1.30470210299469,1.19303169266511,0.253645993432199,0,0,1,0,0,0,1,1.09670319616286,1,1,1
0.235952477599427,-0.205445393720924,-0.156605914705541,0,0,0,0,0,1,1,-0.988817705009287,0,1,0
-0.565609741447023,-0.671604422516269,-0.251842964808945,0,1,0,0,0,0,0,0.262494835694004,1,0,1
-1.09998455414466,-1.60392248010696,-1.02839121949824,1,0,0,0,0,0,0,-1.1278524317541,0,0,1
1.83907691569233,1.65919072146045,0.385512678190758,0,0,1,0,0,0,1,-0.293644071285236,0,1,0
-1.09998455414466,-1.13776345131161,-0.369057795705442,0,0,0,0,1,0,0,0.123460108949194,1,0,1
-1.09998455414466,-1.13776345131161,-0.815939338498337,1,0,0,0,0,0,0,2.48705046361096,1,1,1
0.235952477599427,1.65919072146045,-0.588835603636374,0,0,0,1,0,0,0,3.0431893705902,1,0,1
0.235952477599427,0.726872663869764,-0.69872450760184,0,0,0,1,0,0,0,-1.1278524317541,0,0,1
-0.832797147795839,-1.13776345131161,0.173060797190857,1,0,0,0,0,0,1,0.679599015928434,0,1,1
-0.832797147795839,-1.13776345131161,-0.881872680877617,1,0,0,0,0,0,0,1.23573792290767,0,1,1
-0.832797147795839,0.726872663869764,-0.49359855353297,0,0,0,0,0,1,0,-1.26688715849891,1,0,1
-0.672484703986549,-0.671604422516269,-0.63279116522256,0,0,0,0,1,0,0,-1.1278524317541,0,1,0
-0.779359666526076,-0.671604422516269,-0.0833466453952301,1,0,0,0,0,0,1,0.123460108949194,0,1,1
-1.19617202043023,-1.13776345131161,0.173060797190857,1,0,0,0,0,0,1,-0.710748251519666,0,0,1
-0.565609741447023,-0.671604422516269,-0.969783804049989,0,0,0,1,0,0,0,-0.571713524774856,1,1,0
-0.565609741447023,0.726872663869764,-0.90385046167071,0,0,1,0,0,0,0,-0.710748251519666,1,0,1
-0.832797147795839,-0.671604422516269,-0.662094872946684,0,0,0,0,1,0,1,0.123460108949194,0,0,1
-0.672484703986549,-0.671604422516269,-0.442317065015752,0,0,0,0,1,0,1,0.540564289183624,0,1,1
-0.298422335098206,-1.13776345131161,0.436794166707976,0,0,0,1,0,0,1,1.23573792290767,1,1,1
-0.298422335098206,-0.205445393720924,-0.449642991946783,0,0,0,0,1,0,0,0.540564289183624,1,0,1
-0.939672110335366,-1.60392248010696,-0.171257768567603,1,0,0,0,0,0,0,0.540564289183624,0,1,1
-0.886234629065603,-0.671604422516269,-0.244517037877914,0,0,0,1,0,0,1,-1.96206079222296,1,1,1
-0.939672110335366,0.26071363507442,0.0192163316392049,0,0,0,0,0,1,0,-0.988817705009287,1,1,1
-1.09998455414466,-1.13776345131161,-0.69872450760184,0,0,0,0,0,1,0,-0.988817705009287,0,1,1
-1.27632824233487,-1.60392248010696,-0.786635630774213,1,0,0,0,0,0,1,-0.154609344540426,0,0,1
-0.298422335098206,-0.671604422516269,-0.35440594184338,0,0,0,1,0,0,0,-1.40592188524372,1,1,1
-0.993109591605129,-1.13776345131161,-0.881872680877617,0,0,0,1,0,0,1,-1.26688715849891,1,0,1
-0.0312349287493892,-0.205445393720924,-0.105324426188323,1,0,0,0,0,0,0,-0.293644071285236,1,0,1
-1.04654707287489,-1.13776345131161,-0.962457877118958,1,0,0,0,0,0,1,-1.54495661198853,0,0,1
-1.20685951668418,-1.60392248010696,-0.867220827015554,0,0,0,0,1,0,0,-0.293644071285236,0,0,1
-0.0312349287493892,-0.671604422516269,-0.669420799877716,1,0,0,0,0,0,0,-0.154609344540426,1,0,1
-0.565609741447023,-0.671604422516269,-0.889198607808648,0,0,0,0,0,1,0,-0.293644071285236,1,0,1
-1.30839073109673,-1.60392248010696,-0.881872680877617,0,0,1,0,0,0,1,-0.293644071285236,0,0,1
-0.0312349287493892,-0.205445393720924,-0.969783804049989,0,0,1,0,0,0,1,-1.26688715849891,1,0,1
-0.832797147795839,-0.205445393720924,0.641920120776846,1,0,0,0,0,0,0,-0.293644071285236,0,0,1
-0.832797147795839,-1.13776345131161,-0.588835603636374,0,0,0,0,1,0,1,-0.432678798030046,0,1,1
-0.298422335098206,1.65919072146045,2.52468334205183,0,0,0,0,1,0,1,0.540564289183624,1,1,0
-0.405297297637733,1.19303169266511,0.568660851466535,0,0,0,0,0,1,1,0.540564289183624,0,1,0
-1.09998455414466,-1.60392248010696,-0.991761584843083,1,0,0,0,0,0,0,1.09670319616286,0,0,1
-0.966390850970248,0.726872663869764,1.55766098715573,0,0,0,0,0,1,0,-0.0155746177956163,0,1,1
0.235952477599427,1.65919072146045,1.13275722515593,0,0,0,0,1,0,1,1.6528421031421,0,1,1
0.0756400337901374,0.26071363507442,0.0558459662943602,0,0,0,0,1,0,0,0.540564289183624,0,1,1
0.235952477599427,-0.205445393720924,0.414816385914883,1,0,0,0,0,0,1,-0.988817705009287,1,1,1
0.503139883948244,1.19303169266511,-0.0540429376711058,1,0,0,0,0,0,1,-1.1278524317541,0,0,1
-0.902265873446532,0.26071363507442,-0.713376361463902,0,0,1,0,0,0,0,-0.0155746177956163,0,0,1
-0.298422335098206,1.65919072146045,0.0851496740184845,1,0,0,0,0,0,0,0.123460108949194,1,1,1
-1.26029699795395,-1.60392248010696,0.583312705328597,0,0,1,0,0,0,1,1.6528421031421,0,0,1
-0.939672110335366,-1.60392248010696,-0.889198607808648,0,0,0,0,1,0,0,-0.432678798030046,1,0,1
-0.298422335098206,1.19303169266511,-0.178583695498634,0,1,0,0,0,0,1,-0.154609344540426,1,0,1
-0.993109591605129,-0.671604422516269,-0.97710973098102,1,0,0,0,0,0,0,-0.571713524774856,1,1,1
-0.832797147795839,-1.60392248010696,-0.947806023256896,1,0,0,0,0,0,0,0.957668469418054,1,0,1
-1.04654707287489,-1.13776345131161,0.136431162535702,0,0,1,0,0,0,1,0.401529562438814,0,1,1
-0.0312349287493892,-0.205445393720924,2.64922409987936,0,0,0,0,1,0,0,-0.710748251519666,1,1,1
0.235952477599427,1.19303169266511,1.35986096001789,0,0,0,0,1,0,0,2.06994628337653,1,0,1
-0.298422335098206,-0.671604422516269,2.34886109570708,1,0,0,0,0,0,0,-0.293644071285236,1,1,1
-1.04654707287489,-0.671604422516269,0.67122382850097,1,0,0,0,0,0,0,0.540564289183624,0,1,0
-1.09998455414466,-0.671604422516269,0.297601555018386,0,0,0,0,1,0,1,0.123460108949194,0,0,1
-0.298422335098206,-0.671604422516269,0.641920120776846,1,0,0,0,0,0,0,1.23573792290767,1,1,1
0.503139883948244,0.26071363507442,0.839720147914685,0,0,0,1,0,0,1,-0.571713524774856,0,0,1
-1.20685951668418,-1.13776345131161,0.575986778397566,1,0,0,0,0,0,1,-0.849782978264476,1,0,1
-0.565609741447023,-0.671604422516269,-0.273820745602038,0,0,0,1,0,0,1,-0.0155746177956163,0,1,1
-0.672484703986549,-0.671604422516269,-1.03571714642927,1,0,0,0,0,0,1,-1.1278524317541,1,1,1
-0.298422335098206,-0.671604422516269,0.729831243949219,1,0,0,0,0,0,1,-0.849782978264476,0,0,1
-0.512172260177259,-0.671604422516269,-0.347080014912349,1,0,0,0,0,0,0,-1.1278524317541,0,0,1
-0.298422335098206,-0.205445393720924,-0.339754087981317,0,0,1,0,0,0,0,-0.571713524774856,1,1,0
-0.966390850970248,-1.13776345131161,-0.0613688646021369,0,0,0,1,0,0,1,-0.571713524774856,0,1,1
1.83907691569233,1.19303169266511,0.927631271087057,0,0,0,1,0,0,0,-0.988817705009287,0,1,1
-0.832797147795839,-1.13776345131161,-0.0979984992572922,1,0,0,0,0,0,0,0.123460108949194,1,1,1
-0.298422335098206,-0.671604422516269,-0.625465238291529,1,0,0,0,0,0,0,0.818633742673244,0,1,1
-1.09998455414466,-1.13776345131161,-0.310450380257193,1,0,0,0,0,0,1,0.401529562438814,0,1,1
-0.298422335098206,-1.13776345131161,-0.376383722636473,0,0,1,0,0,0,1,-0.293644071285236,0,1,1
-0.565609741447023,-0.205445393720924,-0.654768946015653,0,0,1,0,0,0,0,-1.26688715849891,1,1,1
-0.565609741447023,-1.13776345131161,-0.35440594184338,1,0,0,0,0,0,1,1.09670319616286,0,1,1
-1.09998455414466,-1.13776345131161,-0.49359855353297,0,0,1,0,0,0,0,-0.849782978264476,1,1,1
-0.565609741447023,1.65919072146045,0.707853463156125,0,0,1,0,0,0,0,0.401529562438814,0,0,1
-0.298422335098206,-0.205445393720924,-0.244517037877914,1,0,0,0,0,0,0,-0.0155746177956163,0,1,1
-1.09998455414466,-1.13776345131161,-0.273820745602038,1,0,0,0,0,0,1,-0.849782978264476,0,1,0
-0.565609741447023,-0.671604422516269,-0.0979984992572922,1,0,0,0,0,0,0,-0.154609344540426,0,1,1
-0.298422335098206,-0.671604422516269,-0.0393910838090436,0,0,0,0,1,0,1,-1.68399133873334,0,1,1
-0.298422335098206,-1.13776345131161,-0.237191110946882,0,0,0,0,1,0,1,0.262494835694004,0,1,1
-0.477437897351913,0.26071363507442,0.927631271087057,0,0,0,0,0,1,0,0.123460108949194,1,1,1
-0.0312349287493892,0.26071363507442,0.217016358777044,0,1,0,0,0,0,0,0.401529562438814,1,1,0
0.770327290297061,0.726872663869764,0.956934978811182,0,1,0,0,0,0,0,-0.988817705009287,0,0,1
-0.383922305129827,-0.205445393720924,0.634594193845815,0,0,0,1,0,0,0,-0.432678798030046,0,1,1
-0.0312349287493892,0.26071363507442,3.42577235456865,0,0,0,0,0,1,0,0.401529562438814,1,1,1
-0.0312349287493892,0.26071363507442,-0.156605914705541,0,0,1,0,0,0,1,-0.988817705009287,0,1,1
0.770327290297061,1.19303169266511,2.20234255708646,0,0,1,0,0,0,0,0.401529562438814,1,0,1
-0.0312349287493892,1.65919072146045,0.275623774225292,0,0,0,0,1,0,0,-1.82302606547815,1,0,1
0.129077515059901,1.19303169266511,0.275623774225292,0,0,0,1,0,0,0,0.540564289183624,1,1,1
-0.87768463206244,0.726872663869764,-0.112650353119354,0,0,0,0,1,0,1,-1.26688715849891,1,1,0
-0.512172260177259,1.19303169266511,0.356208970466634,0,0,0,0,1,0,0,-1.26688715849891,0,0,1
0.0222025525203741,0.726872663869764,0.597964559190659,1,0,0,0,0,0,0,0.123460108949194,0,1,1
0.235952477599427,1.19303169266511,0.825068294052622,0,0,0,1,0,0,0,2.20898101012134,0,1,1
0.770327290297061,1.19303169266511,0.319579335811479,0,0,0,0,1,0,1,1.93091155663172,0,0,1
0.0756400337901374,1.19303169266511,0.209690431846013,0,0,1,0,0,0,0,0.540564289183624,1,0,1
0.770327290297061,2.1253497502558,0.722505317018188,1,0,0,0,0,0,1,-1.68399133873334,0,1,1
0.235952477599427,1.19303169266511,0.898327563362933,0,0,0,1,0,0,0,-0.293644071285236,1,0,1
1.30470210299469,0.26071363507442,1.36718688694892,1,0,0,0,0,0,0,2.62608519035577,1,1,1
-0.0312349287493892,1.65919072146045,0.583312705328597,1,0,0,0,0,0,0,1.23573792290767,1,1,1
-0.138109891288916,-0.205445393720924,0.67122382850097,1,0,0,0,0,0,0,-0.571713524774856,1,1,0
-0.725922185256313,-0.205445393720924,0.129105235604671,0,0,0,0,1,0,0,-1.1278524317541,1,1,0
0.235952477599427,1.65919072146045,0.817742367121591,0,0,1,0,0,0,1,-0.710748251519666,1,1,0
0.235952477599427,0.726872663869764,-0.581509676705343,0,0,0,0,0,1,0,0.262494835694004,0,1,1
-1.09998455414466,-1.13776345131161,-0.815939338498337,0,0,0,1,0,0,0,2.48705046361096,0,1,1
-0.966390850970248,-0.671604422516269,-0.676746726808747,0,0,0,0,0,1,0,-1.26688715849891,1,0,1
-0.832797147795839,0.26071363507442,-0.471620772739877,0,0,0,0,1,0,0,-1.26688715849891,0,0,1
0.129077515059901,0.726872663869764,-0.544880042050187,0,0,0,0,0,1,0,-0.571713524774856,0,1,1
0.529858624583126,0.26071363507442,2.46607592660358,0,0,1,0,0,0,0,1.79187682988691,1,1,1
-0.565609741447023,-0.671604422516269,0.458771947501069,0,0,0,0,1,0,0,-0.710748251519666,0,1,1
0.770327290297061,-1.60392248010696,0.839720147914685,1,0,0,0,0,0,0,0.123460108949194,0,1,0
-0.886234629065603,-0.205445393720924,-0.105324426188323,0,0,0,1,0,0,0,0.262494835694004,1,1,1
0.129077515059901,-0.671604422516269,-0.295798526395131,0,0,0,0,0,1,0,2.90415464384539,1,1,1
-0.672484703986549,-0.671604422516269,0.0778237470874535,0,0,1,0,0,0,1,0.262494835694004,1,1,1
-0.298422335098206,-0.205445393720924,0.429468239776945,0,0,0,0,1,0,0,-0.988817705009287,0,0,1
0.0222025525203741,-0.205445393720924,-0.2884725994641,1,0,0,0,0,0,0,-0.571713524774856,0,1,1
-0.298422335098206,-0.671604422516269,-0.251842964808945,0,0,0,0,1,0,0,0.540564289183624,0,1,1
1.30470210299469,-0.205445393720924,0.744483097811281,0,0,0,1,0,0,0,-1.26688715849891,1,1,1
-0.892647126817974,-0.671604422516269,-0.325102234119255,0,0,1,0,0,0,1,0.818633742673244,0,0,1
0.0222025525203741,-0.205445393720924,0.627268266914784,0,0,1,0,0,0,0,0.957668469418054,1,1,1
-0.351859816367969,-0.205445393720924,-0.259168891739976,1,0,0,0,0,0,0,0.401529562438814,1,1,1
-0.298422335098206,-0.671604422516269,0.751809024742312,1,0,0,0,0,0,0,-0.0155746177956163,0,0,1
0.235952477599427,0.726872663869764,-0.442317065015752,1,0,0,0,0,0,0,-0.988817705009287,0,0,1
-0.0312349287493892,0.726872663869764,-0.757331923050088,1,0,0,0,0,0,0,-0.293644071285236,1,1,0
-0.619047222716786,-0.205445393720924,-0.0613688646021369,0,0,0,0,1,0,0,-0.849782978264476,1,1,1
-0.565609741447023,0.26071363507442,-0.764657849981119,0,0,0,0,0,0,0,3.0431893705902,1,1,1
-0.832797147795839,-1.60392248010696,-0.537554115119156,0,0,0,0,1,0,1,-0.293644071285236,1,1,0
-0.565609741447023,1.19303169266511,0.0485200393633292,1,0,0,0,0,0,1,-0.988817705009287,1,0,1
-0.725922185256313,-0.205445393720924,0.729831243949219,1,0,0,0,0,0,0,-0.988817705009287,0,0,1
-0.565609741447023,0.26071363507442,-0.0467170107400747,1,0,0,0,0,0,1,-0.432678798030046,1,0,1
-0.367891060748898,-0.205445393720924,-0.464294845808846,0,0,0,0,0,1,1,1.37477264965248,1,1,1
-0.0125318103049721,-0.205445393720924,-0.076020718464199,0,1,0,0,0,0,0,-1.54495661198853,1,1,1
-0.138109891288916,-0.671604422516269,-0.669420799877716,0,0,1,0,0,0,0,-0.293644071285236,1,1,1
-0.832797147795839,-0.671604422516269,-1.01373936563618,1,0,0,0,0,0,1,-1.26688715849891,1,0,1
0.235952477599427,-1.60392248010696,-0.303124453326162,0,0,1,0,0,0,0,-0.849782978264476,0,1,0
0.235952477599427,0.26071363507442,-0.640117092153591,0,0,0,0,1,0,0,-0.710748251519666,0,1,1
-0.298422335098206,-0.671604422516269,-0.405687430360597,0,0,0,1,0,0,0,-1.54495661198853,1,0,1
-0.512172260177259,-1.60392248010696,-0.676746726808747,1,0,0,0,0,0,0,0.123460108949194,0,0,1
-0.0312349287493892,-0.205445393720924,-0.750005996119057,0,0,0,0,0,1,1,-1.54495661198853,1,1,0
-0.993109591605129,-1.13776345131161,-0.97710973098102,0,0,0,0,1,0,0,-0.710748251519666,1,1,0
-0.939672110335366,-1.13776345131161,-0.610813384429467,1,0,0,0,0,0,0,-0.988817705009287,1,1,1
-1.09998455414466,-0.671604422516269,-0.610813384429467,1,0,0,0,0,0,0,0.123460108949194,0,0,1
-0.122078646907987,0.726872663869764,3.13273527732741,0,1,0,0,0,0,0,-0.710748251519666,1,1,0
-0.298422335098206,-0.671604422516269,-0.750005996119057,0,0,0,1,0,0,1,-1.26688715849891,1,1,1
-0.565609741447023,-0.205445393720924,-0.369057795705442,0,0,0,1,0,0,0,-1.40592188524372,0,0,1
1.24485212397256,-0.205445393720924,-0.720702288394933,1,0,0,0,0,0,1,-0.432678798030046,1,1,1
1.30470210299469,-0.671604422516269,-0.969783804049989,1,0,0,0,0,0,1,0.818633742673244,1,1,1
-0.0312349287493892,-0.205445393720924,-0.63279116522256,0,0,1,0,0,0,1,-1.54495661198853,1,1,0
-0.0312349287493892,-0.205445393720924,-1.07234678108442,0,0,0,0,1,0,0,-0.154609344540426,0,1,0
-1.04654707287489,-0.671604422516269,-1.07234678108442,0,0,0,0,0,1,1,0.123460108949194,0,1,0
0.503139883948244,-0.671604422516269,-0.779309703843182,0,0,0,0,1,0,1,-1.26688715849891,0,0,1
-0.298422335098206,-0.205445393720924,-0.456968918877815,1,0,0,0,0,0,1,-0.0155746177956163,0,0,1
-0.672484703986549,-0.205445393720924,-0.918502315532772,0,0,0,0,0,1,0,-1.26688715849891,1,1,1
-0.298422335098206,0.26071363507442,-0.881872680877617,0,0,0,0,0,1,1,-1.1278524317541,1,0,1
-0.0312349287493892,-0.671604422516269,-0.940480096325865,0,0,0,1,0,0,1,-0.571713524774856,1,1,1
-0.298422335098206,0.726872663869764,-0.969783804049989,0,0,0,0,0,1,0,-0.154609344540426,1,1,1
-0.912953369700484,-1.60392248010696,-1.00641343870514,1,0,0,0,0,0,1,-1.26688715849891,1,0,1
-1.30304698296976,-1.60392248010696,-0.779309703843182,0,0,1,0,0,0,1,-0.988817705009287,1,0,1
-0.0846724100191526,-1.60392248010696,-0.969783804049989,0,0,0,1,0,0,0,-0.988817705009287,0,0,1
-0.298422335098206,-0.205445393720924,0.217016358777044,0,0,0,0,0,1,0,1.93091155663172,0,1,0
0.407486792475368,0.726872663869764,1.18403871367314,0,0,0,0,1,0,0,-0.154609344540426,1,0,1
-0.512172260177259,0.26071363507442,-0.896524534739679,0,1,0,0,0,0,0,-0.154609344540426,1,1,1
-0.405297297637733,-1.60392248010696,-0.295798526395131,1,0,0,0,0,0,0,0.262494835694004,1,1,1
1.83907691569233,0.726872663869764,-0.991761584843083,0,0,0,1,0,0,0,0.401529562438814,1,1,1
-0.298422335098206,-0.671604422516269,-0.647443019084622,1,0,0,0,0,0,1,-0.0155746177956163,1,0,1
0.235952477599427,0.726872663869764,0.444120093639007,0,0,1,0,0,0,0,-0.710748251519666,1,1,0
0.420311787980111,1.65919072146045,2.94958710405163,0,0,1,0,0,0,1,-0.988817705009287,0,1,1
0.770327290297061,1.19303169266511,1.86534991825903,0,0,0,0,1,0,0,-0.154609344540426,0,0,1
0.396264921408717,-0.205445393720924,-0.156605914705541,0,0,0,0,1,0,0,-0.0155746177956163,1,1,1
0.503139883948244,1.65919072146045,0.136431162535702,0,0,0,1,0,0,1,-0.293644071285236,1,1,0
0.129077515059901,0.726872663869764,0.370860824328696,0,0,1,0,0,0,0,0.123460108949194,1,1,1
0.556577365218007,1.19303169266511,0.209690431846013,0,0,0,0,1,0,1,0.401529562438814,0,1,0
0.808267901998593,1.65919072146045,2.05582401846584,0,0,0,1,0,0,0,-0.154609344540426,0,1,0
0.235952477599427,2.1253497502558,-0.662094872946684,1,0,0,0,0,0,1,-0.0155746177956163,1,1,0
-0.138109891288916,0.726872663869764,0.0558459662943602,0,0,0,0,1,0,0,-0.849782978264476,0,1,1
-0.458734778907496,0.726872663869764,-0.881872680877617,0,0,0,0,0,1,0,0.401529562438814,1,0,1
2.10626432204114,2.1253497502558,-0.413013357291628,0,0,0,0,0,1,1,2.34801573686615,1,1,1
0.235952477599427,-0.671604422516269,0.87634978256984,1,0,0,0,0,0,0,-0.154609344540426,0,1,1
0.770327290297061,1.65919072146045,0.0704978201564224,0,0,1,0,0,0,0,0.262494835694004,1,1,1
-0.298422335098206,-1.13776345131161,-0.295798526395131,1,0,0,0,0,0,0,-0.154609344540426,0,0,1
0.770327290297061,1.19303169266511,0.715179390087156,0,0,0,0,1,0,1,1.51380737639729,0,0,1
-0.36308168743462,1.65919072146045,0.385512678190758,0,0,0,0,1,0,1,0.540564289183624,0,0,1
-0.512172260177259,-0.671604422516269,-1.00641343870514,0,0,1,0,0,0,0,-0.571713524774856,0,1,1
-0.330484823860064,1.65919072146045,-0.764657849981119,1,0,0,0,0,0,0,0.401529562438814,0,0,1
1.30470210299469,0.726872663869764,-0.369057795705442,0,0,0,1,0,0,0,2.34801573686615,1,0,1
0.235952477599427,-0.671604422516269,-0.244517037877914,1,0,0,0,0,0,0,2.90415464384539,0,1,1
-0.832797147795839,-0.671604422516269,-0.0540429376711058,1,0,0,0,0,0,1,-0.0155746177956163,1,1,0
-0.565609741447023,-0.671604422516269,-0.735354142256995,0,1,0,0,0,0,0,-0.988817705009287,1,0,1
-0.565609741447023,-0.205445393720924,-0.361731868774411,0,0,0,1,0,0,0,-0.571713524774856,1,1,1
0.770327290297061,-0.205445393720924,-0.0613688646021369,0,0,0,0,0,1,1,0.540564289183624,1,1,1
-0.298422335098206,-0.671604422516269,-0.596161530567405,0,0,0,1,0,0,0,-1.40592188524372,1,1,1
0.503139883948244,0.726872663869764,-0.478946699670908,1,0,0,0,0,0,0,0.123460108949194,1,1,0
-1.26029699795395,-1.13776345131161,-0.896524534739679,1,0,0,0,0,0,0,0.540564289183624,0,1,1
0.663452327757534,0.26071363507442,-0.962457877118958,0,0,0,0,1,0,1,-1.40592188524372,1,0,1
-0.565609741447023,-0.205445393720924,-1.02106529256721,0,0,0,1,0,0,0,0.123460108949194,0,0,1
-0.832797147795839,-0.671604422516269,-0.925828242463803,0,0,0,0,0,1,0,-0.710748251519666,1,1,1
0.770327290297061,1.19303169266511,-0.486272626601939,0,0,0,0,1,0,0,0.679599015928434,1,0,1
-1.26029699795395,-1.13776345131161,-0.896524534739679,1,0,0,0,0,0,0,1.79187682988691,1,1,1
-0.725922185256313,-0.671604422516269,-1.01373936563618,0,0,0,1,0,0,1,-0.710748251519666,0,1,0
0.770327290297061,-0.205445393720924,-0.874546753946586,0,0,0,0,1,0,0,-0.849782978264476,1,1,1
-1.20685951668418,-1.13776345131161,-0.955131950187927,0,0,0,0,1,0,0,-0.571713524774856,1,0,1
0.235952477599427,0.26071363507442,0.282949701156323,0,1,0,0,0,0,0,0.540564289183624,1,1,1
1.30470210299469,0.26071363507442,-0.229865184015851,1,0,0,0,0,0,0,1.09670319616286,0,1,1
0.235952477599427,-0.671604422516269,0.209690431846013,1,0,0,0,0,0,0,0.401529562438814,0,1,1
1.78563943442256,1.19303169266511,-0.35440594184338,0,1,0,0,0,0,1,-0.0155746177956163,1,1,1
0.770327290297061,0.726872663869764,1.5503350602247,1,0,0,0,0,0,0,-0.154609344540426,1,1,1
0.963770972493604,0.726872663869764,-0.618139311360498,0,0,0,0,1,0,0,-1.40592188524372,1,1,0
0.235952477599427,1.19303169266511,0.0411941124322981,0,0,0,0,1,0,1,-0.154609344540426,1,1,1
2.15970180331091,0.726872663869764,-0.874546753946586,0,0,0,0,1,0,0,-1.1278524317541,0,0,1
1.83907691569233,1.19303169266511,-0.647443019084622,0,0,0,0,0,1,1,-0.849782978264476,1,0,1
-0.0312349287493892,0.26071363507442,0.905653490293964,1,0,0,0,0,0,0,1.6528421031421,1,1,1
-0.298422335098206,0.26071363507442,1.32323132536274,1,0,0,0,0,0,1,-0.154609344540426,0,0,1
-0.832797147795839,2.1253497502558,3.03749822722401,1,0,0,0,0,0,0,1.6528421031421,1,1,1
1.30470210299469,2.1253497502558,2.3049055341209,1,0,0,0,0,0,1,0.540564289183624,1,0,1
0.235952477599427,2.1253497502558,0.246320066501168,0,0,0,0,0,1,0,-0.154609344540426,1,1,1
0.770327290297061,0.726872663869764,0.502727509087255,0,0,1,0,0,0,0,-0.0155746177956163,0,0,1
0.556577365218007,1.65919072146045,-0.141954060843479,1,0,0,0,0,0,0,-0.849782978264476,0,1,1
-0.458734778907496,0.726872663869764,-0.259168891739976,0,0,1,0,0,0,0,-1.1278524317541,0,1,0
1.30470210299469,0.726872663869764,1.74813508736254,1,0,0,0,0,0,0,-0.293644071285236,0,1,0
-0.0312349287493892,1.19303169266511,0.590638632259628,0,0,0,0,1,0,1,-0.293644071285236,1,0,1
-0.619047222716786,-1.13776345131161,-0.434991138084721,0,0,0,1,0,0,0,0.679599015928434,1,1,1
-0.244984853828443,-0.205445393720924,-0.596161530567405,1,0,0,0,0,0,0,1.6528421031421,0,0,1
0.770327290297061,1.65919072146045,1.54300913329367,0,0,0,1,0,0,0,-0.432678798030046,1,1,1
-0.405297297637733,1.19303169266511,-0.303124453326162,0,0,0,0,1,0,0,0.401529562438814,1,0,1
0.235952477599427,0.26071363507442,0.847046074845716,1,0,0,0,0,0,1,-0.571713524774856,0,1,1
1.30470210299469,2.1253497502558,-0.076020718464199,1,0,0,0,0,0,0,-0.988817705009287,0,0,1
1.83907691569233,2.1253497502558,0.898327563362933,1,0,0,0,0,0,1,3.18222409733501,0,1,1
0.503139883948244,0.26071363507442,0.312253408880448,1,0,0,0,0,0,1,0.818633742673244,0,0,1
2.21313928458067,1.19303169266511,2.22432033787956,1,0,0,0,0,0,1,3.18222409733501,0,0,1
-0.298422335098206,0.726872663869764,0.847046074845716,1,0,0,0,0,0,0,0.540564289183624,1,0,1
0.289389958869191,2.1253497502558,0.297601555018386,0,0,0,1,0,0,1,1.37477264965248,1,0,1
1.03751469664588,-1.60392248010696,-0.105324426188323,1,0,0,0,0,0,1,0.540564289183624,0,1,1
0.770327290297061,1.19303169266511,0.678549755432001,1,0,0,0,0,0,1,0.123460108949194,1,0,1
-0.298422335098206,2.1253497502558,-0.295798526395131,0,0,0,1,0,0,1,-0.154609344540426,1,1,1
-0.0312349287493892,1.65919072146045,-0.398361503429566,0,0,1,0,0,0,1,-0.571713524774856,1,1,1
1.83907691569233,1.65919072146045,-0.273820745602038,0,0,0,0,1,0,0,0.540564289183624,1,1,0
0.342827440138954,0.26071363507442,-0.259168891739976,0,0,1,0,0,0,1,0.957668469418054,1,1,1
-0.298422335098206,1.65919072146045,-0.588835603636374,0,0,0,0,1,0,0,-0.154609344540426,1,0,1
-0.668209705484968,0.26071363507442,-0.200561476291727,1,0,0,0,0,0,0,-0.0155746177956163,0,0,1
-0.298422335098206,0.26071363507442,0.583312705328597,0,0,0,1,0,0,0,-0.432678798030046,0,1,1
-0.832797147795839,0.26071363507442,-0.991761584843083,1,0,0,0,0,0,0,-0.293644071285236,0,0,1
0.235952477599427,-0.671604422516269,4.10708355915454,0,0,0,1,0,0,0,1.09670319616286,1,0,1
-0.298422335098206,-0.205445393720924,1.67487581805223,0,1,0,0,0,0,0,-0.0155746177956163,0,1,1
-0.298422335098206,1.19303169266511,1.1034535174318,0,0,0,1,0,0,1,-0.849782978264476,0,1,1
-0.244984853828443,-1.13776345131161,-0.303124453326162,0,0,0,1,0,0,1,0.818633742673244,1,1,1
-0.298422335098206,-0.205445393720924,-0.434991138084721,1,0,0,0,0,0,0,-0.849782978264476,1,1,0
-0.298422335098206,0.26071363507442,-0.522902261257094,1,0,0,0,0,0,0,0.123460108949194,1,1,1
-0.832797147795839,-0.205445393720924,0.53203121681138,1,0,0,0,0,0,0,-0.0155746177956163,0,1,1
-0.565609741447023,-0.205445393720924,-0.339754087981317,0,0,0,0,1,0,0,-1.1278524317541,1,1,1
-0.191547372558679,-0.205445393720924,0.422142312845914,0,0,1,0,0,0,1,-0.710748251519666,0,0,1
-0.565609741447023,-0.671604422516269,-0.207887403222758,0,0,0,1,0,0,0,0.401529562438814,1,1,1
-0.832797147795839,-1.13776345131161,-1.05036900029133,0,0,0,0,0,0,0,-1.54495661198853,1,1,1
-0.298422335098206,-0.671604422516269,1.03019424812149,1,0,0,0,0,0,0,-0.293644071285236,0,1,1
-0.619047222716786,-0.205445393720924,-0.515576334326063,0,0,0,1,0,0,0,0.401529562438814,1,1,0
-0.191547372558679,0.26071363507442,-0.105324426188323,0,0,1,0,0,0,1,-0.710748251519666,1,1,0
-0.619047222716786,-0.205445393720924,0.209690431846013,0,0,1,0,0,0,1,0.401529562438814,1,1,0
-0.298422335098206,0.26071363507442,-0.391035576498535,0,0,0,1,0,0,0,-0.154609344540426,1,1,1
-0.298422335098206,-0.205445393720924,-0.163931841636572,1,0,0,0,0,0,0,-0.432678798030046,1,1,1
-0.565609741447023,-0.205445393720924,-0.449642991946783,0,0,1,0,0,0,0,-0.293644071285236,0,1,1
-0.565609741447023,0.26071363507442,2.7298092961207,0,0,1,0,0,0,1,-1.26688715849891,0,1,0
-0.832797147795839,0.26071363507442,-0.471620772739877,0,0,0,1,0,0,0,-0.710748251519666,1,1,1
-0.191547372558679,0.26071363507442,-0.859894900084523,0,0,1,0,0,0,1,0.123460108949194,0,1,0
-0.298422335098206,-0.205445393720924,-0.361731868774411,0,0,0,1,0,0,0,1.23573792290767,1,1,1
-0.298422335098206,-0.671604422516269,-0.552205968981218,0,0,0,0,1,0,0,1.6528421031421,1,1,1
0.235952477599427,0.726872663869764,-0.955131950187927,0,1,0,0,0,0,1,0.401529562438814,1,1,1
-0.939672110335366,-0.671604422516269,-0.852568973153492,0,0,0,0,0,1,0,0.262494835694004,1,0,1
0.235952477599427,0.26071363507442,-0.984435657912052,0,0,1,0,0,0,0,-1.26688715849891,1,1,1
-0.285597339593463,-0.671604422516269,-0.925828242463803,1,0,0,0,0,0,1,-0.988817705009287,1,1,1
-0.298422335098206,-0.671604422516269,-0.413013357291628,0,0,0,0,1,0,0,-0.154609344540426,1,0,1
-0.725922185256313,0.26071363507442,-1.08699863494649,0,0,0,0,0,1,0,-0.154609344540426,0,1,0
-0.298422335098206,0.726872663869764,0.67122382850097,1,0,0,0,0,0,0,-0.432678798030046,0,1,1
0.503139883948244,-1.60392248010696,2.78109078463792,0,0,0,0,0,1,0,0.540564289183624,1,1,1
-0.904403372697322,-1.13776345131161,0.268297847294261,0,1,0,0,0,0,1,-0.293644071285236,0,0,1
-0.725922185256313,-0.671604422516269,-0.793961557705244,0,0,0,1,0,0,1,-0.988817705009287,1,1,1
-0.218266113193561,1.19303169266511,0.473423801363131,1,0,0,0,0,0,0,1.09670319616286,1,1,0
0.342827440138954,1.19303169266511,1.02286832119046,0,0,0,1,0,0,0,-0.293644071285236,1,1,0
-0.0312349287493892,1.19303169266511,-0.0320651568780126,0,0,0,0,0,1,0,0.401529562438814,1,1,1
0.235952477599427,1.19303169266511,0.87634978256984,1,0,0,0,0,0,0,-0.988817705009287,0,1,1
1.30470210299469,1.19303169266511,0.715179390087156,0,0,1,0,0,0,0,-1.1278524317541,1,1,0
1.83907691569233,0.26071363507442,1.57963876794882,0,0,0,0,0,1,0,-0.710748251519666,0,0,1
-0.832797147795839,1.19303169266511,1.33055725229377,1,0,0,0,0,0,0,0.123460108949194,0,1,1
0.235952477599427,1.19303169266511,1.72615730656944,1,0,0,0,0,0,0,1.23573792290767,0,0,1
-0.405297297637733,1.19303169266511,-0.581509676705343,0,0,0,0,0,1,0,0.401529562438814,0,1,1
1.03751469664588,0.26071363507442,0.026542258570236,0,0,0,0,1,0,1,1.93091155663172,0,1,1
-0.36308168743462,1.65919072146045,0.385512678190758,0,0,0,0,1,0,1,0.540564289183624,0,0,1
-0.832797147795839,0.26071363507442,-0.830591192360399,0,0,1,0,0,0,1,0.262494835694004,0,1,1
0.235952477599427,0.26071363507442,0.026542258570236,0,1,0,0,0,0,0,0.957668469418054,0,1,1
-0.565609741447023,-1.13776345131161,1.82872028360388,0,0,0,0,1,0,0,-0.432678798030046,0,1,1
-1.09998455414466,-1.13776345131161,-0.0247392299469815,0,0,1,0,0,0,1,-0.988817705009287,1,0,1
-1.04654707287489,-1.13776345131161,-1.07234678108442,0,0,1,0,0,0,1,-0.154609344540426,1,0,1
0.129077515059901,0.26071363507442,2.12175736084512,0,0,1,0,0,0,0,1.23573792290767,1,0,1
-0.832797147795839,-1.13776345131161,1.34520910615583,1,0,0,0,0,0,0,-1.26688715849891,0,1,1
-1.09998455414466,-1.13776345131161,0.847046074845716,0,0,1,0,0,0,0,1.79187682988691,1,0,1
0.235952477599427,-0.671604422516269,0.180386724121888,1,0,0,0,0,0,1,-1.1278524317541,1,1,1
-0.298422335098206,-0.671604422516269,0.238994139570137,0,0,0,0,1,0,0,0.262494835694004,0,1,1
0.235952477599427,-0.671604422516269,-0.127302206981416,0,0,0,0,1,0,1,-0.571713524774856,1,0,1
0.235952477599427,-0.205445393720924,-0.559531895912249,0,0,0,1,0,0,0,0.540564289183624,1,0,1
1.30470210299469,0.726872663869764,-0.464294845808846,0,0,0,0,1,0,1,-1.26688715849891,1,0,1
0.770327290297061,1.19303169266511,-0.434991138084721,0,1,0,0,0,0,0,-0.988817705009287,1,1,1
2.64063913473878,1.19303169266511,-0.405687430360597,0,1,0,0,0,0,0,-0.710748251519666,1,1,1
0.770327290297061,0.726872663869764,-0.105324426188323,0,0,0,0,1,0,1,-1.40592188524372,1,1,1
-0.832797147795839,-1.13776345131161,-0.508250407395032,0,0,1,0,0,0,0,-0.710748251519666,0,1,1
-0.298422335098206,-0.205445393720924,-0.720702288394933,0,1,0,0,0,0,0,-0.988817705009287,1,1,1
-0.672484703986549,-1.13776345131161,-0.317776307188224,0,0,0,1,0,0,1,-1.54495661198853,1,0,1
0.235952477599427,-1.60392248010696,-1.05036900029133,0,0,0,0,0,1,0,-0.571713524774856,0,0,1
-1.04654707287489,-1.60392248010696,-0.420339284222659,0,1,0,0,0,0,0,-0.432678798030046,1,1,1
-0.298422335098206,-1.13776345131161,-1.07967270801546,0,0,1,0,0,0,1,-0.710748251519666,1,0,1
-0.565609741447023,-1.13776345131161,-0.207887403222758,1,0,0,0,0,0,0,1.37477264965248,1,0,1
-0.993109591605129,-1.60392248010696,-0.830591192360399,1,0,0,0,0,0,1,2.90415464384539,0,1,1
-1.26029699795395,-1.60392248010696,-0.83791711929143,0,0,0,0,1,0,1,-0.988817705009287,0,1,1
-0.405297297637733,0.726872663869764,-0.522902261257094,0,0,0,0,0,1,0,-1.40592188524372,1,1,1
-0.939672110335366,-0.671604422516269,-0.823265265429368,0,0,0,0,0,1,1,-0.154609344540426,1,1,1
-0.565609741447023,-1.13776345131161,-0.706050434532871,0,0,0,0,0,1,0,1.51380737639729,1,1,0
-0.0312349287493892,-0.671604422516269,-0.90385046167071,0,0,1,0,0,0,0,-1.1278524317541,1,1,1
-1.04654707287489,1.65919072146045,-1.02839121949824,0,0,0,1,0,0,0,-1.1278524317541,1,1,1
0.235952477599427,-0.671604422516269,-0.728028215325964,0,0,0,0,1,0,0,0.401529562438814,1,1,1
-0.72645656006901,-1.13776345131161,-1.02839121949824,1,0,0,0,0,0,1,-0.849782978264476,1,0,1
-1.09998455414466,-1.13776345131161,-0.793961557705244,0,0,0,1,0,0,1,-0.988817705009287,0,1,1
-0.0312349287493892,-0.671604422516269,-0.49359855353297,0,0,0,0,0,1,0,0.679599015928434,1,1,1
-0.832797147795839,-0.205445393720924,-0.859894900084523,0,0,0,1,0,0,1,0.123460108949194,0,1,0
0.235952477599427,0.26071363507442,-0.969783804049989,0,0,1,0,0,0,0,-0.849782978264476,1,1,1
-1.26029699795395,-1.60392248010696,-0.691398580670809,0,1,0,0,0,0,1,0.679599015928434,1,0,1
-1.20685951668418,-1.13776345131161,-0.991761584843083,0,0,0,0,1,0,0,0.818633742673244,1,1,1
-0.0312349287493892,-0.671604422516269,-0.918502315532772,1,0,0,0,0,0,0,1.93091155663172,0,0,1
-0.832797147795839,-1.13776345131161,-0.801287484636275,0,0,0,1,0,0,1,-0.432678798030046,0,1,0
-1.04654707287489,-1.60392248010696,-1.00641343870514,0,1,0,0,0,0,0,-1.1278524317541,0,0,1
7.7171998553663,-0.205445393720924,-0.742680069188026,0,0,0,1,0,0,0,0.401529562438814,0,0,1
-0.0312349287493892,0.726872663869764,1.41114244853511,1,0,0,0,0,0,0,-0.710748251519666,0,1,1
-1.10051892895735,-1.60392248010696,-0.449642991946783,0,0,1,0,0,0,0,0.401529562438814,0,0,1
-0.460337903345589,-0.205445393720924,3.85067611656845,0,0,0,0,1,0,0,-0.154609344540426,0,1,0
2.37345172838996,0.26071363507442,3.84335018963742,1,0,0,0,0,0,0,-0.571713524774856,0,0,1
-0.0312349287493892,0.26071363507442,3.42577235456865,0,0,0,0,0,1,0,0.401529562438814,1,1,1
0.235952477599427,1.19303169266511,0.524705289880349,0,0,0,1,0,0,1,0.540564289183624,0,1,1
0.235952477599427,2.1253497502558,0.297601555018386,0,1,0,0,0,0,0,-0.710748251519666,1,0,1
1.30470210299469,0.26071363507442,-0.0540429376711058,0,0,0,1,0,0,0,0.957668469418054,1,1,1
1.30470210299469,0.26071363507442,2.59061668443111,1,0,0,0,0,0,0,-0.0155746177956163,1,1,1
0.235952477599427,-0.205445393720924,0.143757089466733,1,0,0,0,0,0,0,3.0431893705902,0,0,1
0.235952477599427,0.26071363507442,0.282949701156323,0,1,0,0,0,0,0,0.540564289183624,1,1,1
-0.298422335098206,0.26071363507442,1.33055725229377,0,0,0,1,0,0,0,0.679599015928434,0,1,1
0.342827440138954,0.726872663869764,0.751809024742312,0,0,0,0,1,0,0,0.401529562438814,1,0,1
-1.26029699795395,-1.13776345131161,4.20964653618898,0,0,0,0,1,0,0,-1.26688715849891,0,0,1
-0.832797147795839,-1.13776345131161,-1.14560605039473,0,0,1,0,0,0,0,1.93091155663172,0,0,1
-0.832797147795839,-0.671604422516269,-0.911176388601741,0,0,1,0,0,0,1,0.679599015928434,0,0,1
-0.725922185256313,-0.671604422516269,-0.530228188188125,0,0,1,0,0,0,0,0.540564289183624,1,0,1
6.11407541727339,1.65919072146045,0.033868185501267,1,0,0,0,0,0,1,-0.710748251519666,0,1,1
-1.26029699795395,-1.13776345131161,0.575986778397566,0,0,0,0,1,0,1,-0.849782978264476,0,0,1
0.235952477599427,0.26071363507442,-0.478946699670908,1,0,0,0,0,0,0,-0.849782978264476,1,0,1
0.278702462615238,1.19303169266511,-0.361731868774411,0,0,0,1,0,0,0,-0.0155746177956163,1,0,1
0.770327290297061,1.19303169266511,2.20234255708646,0,0,1,0,0,0,0,0.401529562438814,1,0,1
0.129077515059901,1.19303169266511,0.275623774225292,0,0,0,1,0,0,0,0.540564289183624,1,1,1
0.129077515059901,-0.205445393720924,0.392838605121789,0,0,0,0,0,1,0,-0.849782978264476,1,0,1
-1.09998455414466,-1.60392248010696,-0.720702288394933,1,0,0,0,0,0,0,3.18222409733501,0,0,1
-0.832797147795839,-0.205445393720924,0.934957198018089,0,0,0,0,1,0,0,-1.1278524317541,0,0,1
0.770327290297061,1.19303169266511,0.319579335811479,0,0,0,0,1,0,1,1.93091155663172,0,0,1
-0.298422335098206,-0.205445393720924,0.00456447777714277,1,0,0,0,0,0,1,0.401529562438814,1,0,1
-0.0312349287493892,1.19303169266511,-0.801287484636275,1,0,0,0,0,0,0,0.401529562438814,1,1,1
0.770327290297061,2.1253497502558,0.722505317018188,1,0,0,0,0,0,1,-1.68399133873334,0,1,1
0.235952477599427,-1.13776345131161,-0.845243046222461,0,1,0,0,0,0,1,-0.154609344540426,1,0,1
-0.138109891288916,-0.205445393720924,0.67122382850097,1,0,0,0,0,0,0,-0.571713524774856,1,1,0
-0.191547372558679,-0.205445393720924,-0.515576334326063,0,0,1,0,0,0,0,-0.0155746177956163,0,1,1
-0.725922185256313,-1.13776345131161,0.825068294052622,0,1,0,0,0,0,1,1.79187682988691,0,1,1
-0.405297297637733,-0.671604422516269,0.312253408880448,1,0,0,0,0,0,0,0.957668469418054,0,1,1
-0.832797147795839,-1.13776345131161,-0.35440594184338,0,0,0,0,1,0,1,-0.154609344540426,1,1,1
-0.725922185256313,-0.671604422516269,2.12175736084512,0,0,0,0,1,0,0,0.262494835694004,1,0,1
-0.832797147795839,-1.13776345131161,0.590638632259628,1,0,0,0,0,0,1,0.262494835694004,0,1,1
-0.565609741447023,-0.671604422516269,1.37451281387995,0,0,0,0,0,1,0,0.262494835694004,0,1,1
-0.939672110335366,-1.13776345131161,-0.332428161050286,0,0,0,0,1,0,1,0.401529562438814,0,1,1
-0.341172320114017,0.26071363507442,0.663897901569939,1,0,0,0,0,0,0,-0.432678798030046,1,1,1
1.30470210299469,-0.671604422516269,1.62359432953501,0,0,0,0,1,0,0,-0.154609344540426,0,1,1
-0.939672110335366,0.26071363507442,0.348883043535603,0,0,0,1,0,0,1,-0.571713524774856,0,1,1
-0.191547372558679,-0.205445393720924,-0.112650353119354,0,1,0,0,0,0,1,-0.293644071285236,0,0,1
-1.26029699795395,-1.60392248010696,-0.77198377691215,0,0,0,0,1,0,0,-1.68399133873334,0,0,1
-1.04654707287489,-0.671604422516269,-0.478946699670908,0,1,0,0,0,0,0,-0.432678798030046,0,0,1
0.235952477599427,-0.671604422516269,0.40016453205282,1,0,0,0,0,0,1,-0.710748251519666,0,0,1
-0.673019078799247,-0.671604422516269,1.5503350602247,0,0,0,0,1,0,1,-0.0155746177956163,0,0,1
-0.832797147795839,-0.671604422516269,-0.676746726808747,0,0,0,1,0,0,0,-0.154609344540426,1,1,1
-0.298422335098206,-0.205445393720924,-0.742680069188026,0,0,0,1,0,0,0,-0.293644071285236,1,1,0
-0.565609741447023,-0.671604422516269,-0.339754087981317,0,0,0,0,1,0,0,0.540564289183624,0,1,1
-0.832797147795839,-0.671604422516269,0.341557116604572,0,0,1,0,0,0,0,-0.432678798030046,0,0,1
1.30470210299469,-0.671604422516269,-0.0027614491538883,1,0,0,0,0,0,0,-0.293644071285236,0,1,0
-0.565609741447023,0.726872663869764,-0.464294845808846,0,0,0,0,1,0,0,-0.154609344540426,1,1,0
2.10626432204114,1.19303169266511,-1.00641343870514,0,1,0,0,0,0,1,-0.571713524774856,0,1,0
-1.15342203541442,-1.60392248010696,-0.947806023256896,0,0,0,0,0,1,0,0.262494835694004,0,1,1
-0.832797147795839,-0.671604422516269,-0.35440594184338,0,1,0,0,0,0,0,-0.571713524774856,0,1,1
-1.09998455414466,-1.13776345131161,-0.823265265429368,0,0,0,0,1,0,1,-0.0155746177956163,1,0,1
-0.848828392176768,-0.671604422516269,-0.867220827015554,0,1,0,0,0,0,0,0.401529562438814,0,0,1
-0.939672110335366,-1.13776345131161,-0.69872450760184,1,0,0,0,0,0,1,-0.432678798030046,1,1,1
-0.832797147795839,-0.671604422516269,-0.969783804049989,0,1,0,0,0,0,0,-0.988817705009287,1,0,1
-0.939672110335366,-0.671604422516269,-0.77198377691215,0,0,0,0,0,1,1,-0.849782978264476,0,0,1
-0.565609741447023,-0.671604422516269,-0.310450380257193,0,0,0,0,1,0,0,1.79187682988691,1,1,1
-1.03639395143364,-1.13776345131161,-0.97710973098102,0,1,0,0,0,0,1,-0.0155746177956163,1,0,1
3.17501394743641,0.726872663869764,-0.713376361463902,0,0,0,1,0,0,0,0.123460108949194,0,0,1
-0.725922185256313,-0.671604422516269,-0.713376361463902,1,0,0,0,0,0,0,-0.154609344540426,1,0,1
-0.298422335098206,-0.205445393720924,-0.63279116522256,1,0,0,0,0,0,0,-0.432678798030046,0,1,1
-0.565609741447023,-0.671604422516269,-0.940480096325865,0,0,1,0,0,0,1,-1.40592188524372,0,1,0
-0.832797147795839,-0.671604422516269,-0.940480096325865,0,0,0,1,0,0,0,0.123460108949194,0,1,1
-1.04654707287489,-1.13776345131161,-0.786635630774213,1,0,0,0,0,0,1,-1.82302606547815,0,0,1
-0.832797147795839,-1.13776345131161,-0.823265265429368,0,0,0,0,1,0,1,-0.571713524774856,0,0,1
-0.0846724100191526,0.726872663869764,1.14740907901799,0,0,0,0,1,0,1,-1.40592188524372,1,0,1
-0.832797147795839,-0.205445393720924,0.934957198018089,0,0,0,0,1,0,0,-1.1278524317541,0,0,1
0.770327290297061,-0.205445393720924,-0.581509676705343,0,0,0,0,0,1,0,-0.849782978264476,0,1,1
0.770327290297061,1.19303169266511,0.158408943328795,0,0,0,1,0,0,1,-0.571713524774856,0,1,1
-0.832797147795839,-1.13776345131161,-0.728028215325964,1,0,0,0,0,0,1,-0.0155746177956163,0,1,1
1.30470210299469,-0.205445393720924,-0.22253925708482,0,0,1,0,0,0,0,-0.571713524774856,1,0,1
1.83907691569233,1.19303169266511,4.64187622511981,1,0,0,0,0,0,1,1.09670319616286,0,1,1
0.278702462615238,1.19303169266511,-0.361731868774411,0,0,0,1,0,0,0,-0.0155746177956163,1,0,1
0.770327290297061,0.726872663869764,0.956934978811182,0,1,0,0,0,0,0,-0.988817705009287,0,0,1
1.30470210299469,0.26071363507442,-0.0540429376711058,0,0,0,1,0,0,0,0.957668469418054,1,1,1
1.30470210299469,0.26071363507442,0.517379362949318,0,0,1,0,0,0,0,-0.710748251519666,0,1,1
0.235952477599427,-0.671604422516269,-0.625465238291529,0,0,0,0,0,1,1,-0.154609344540426,1,0,1
-0.0312349287493892,-0.671604422516269,-0.376383722636473,0,0,0,0,1,0,0,-0.293644071285236,1,0,1
-0.0312349287493892,0.26071363507442,3.42577235456865,0,0,0,0,0,1,0,0.401529562438814,1,1,1
-0.832797147795839,-0.671604422516269,-0.391035576498535,0,1,0,0,0,0,0,-0.432678798030046,0,0,1
-0.0312349287493892,1.65919072146045,0.275623774225292,0,0,0,0,1,0,0,-1.82302606547815,1,0,1
-0.87768463206244,0.726872663869764,-0.112650353119354,0,0,0,0,1,0,1,-1.26688715849891,1,1,0
-0.832797147795839,1.19303169266511,1.33055725229377,1,0,0,0,0,0,0,0.123460108949194,0,1,1
1.30470210299469,1.65919072146045,0.891001636431902,0,1,0,0,0,0,1,1.93091155663172,0,1,1
0.235952477599427,-0.671604422516269,1.09612759050077,1,0,0,0,0,0,0,-0.988817705009287,1,1,1
-1.04654707287489,-0.671604422516269,0.583312705328597,0,0,0,1,0,0,0,0.262494835694004,0,0,1
0.0756400337901374,1.19303169266511,0.209690431846013,0,0,1,0,0,0,0,0.540564289183624,1,0,1
-0.0312349287493892,0.726872663869764,1.41114244853511,1,0,0,0,0,0,0,-0.710748251519666,0,1,1
0.770327290297061,2.1253497502558,0.722505317018188,1,0,0,0,0,0,1,-1.68399133873334,0,1,1
0.342827440138954,0.726872663869764,0.751809024742312,0,0,0,0,1,0,0,0.401529562438814,1,0,1
-0.0312349287493892,1.19303169266511,-0.801287484636275,1,0,0,0,0,0,0,0.401529562438814,1,1,1
-0.0312349287493892,1.65919072146045,0.583312705328597,1,0,0,0,0,0,0,1.23573792290767,1,1,1
0.235952477599427,0.26071363507442,-0.478946699670908,0,0,0,0,0,1,0,-0.571713524774856,1,0,1
-0.191547372558679,-0.205445393720924,-0.515576334326063,0,0,1,0,0,0,0,-0.0155746177956163,0,1,1
-0.565609741447023,-1.13776345131161,-0.0467170107400747,0,1,0,0,0,0,0,0.540564289183624,0,1,1
0.235952477599427,0.726872663869764,-0.581509676705343,0,0,0,0,0,1,0,0.262494835694004,0,1,1
-0.832797147795839,-0.671604422516269,-0.911176388601741,0,0,1,0,0,0,1,0.679599015928434,0,0,1
0.235952477599427,1.65919072146045,0.817742367121591,0,0,1,0,0,0,1,-0.710748251519666,1,1,0
-0.832797147795839,-0.671604422516269,-0.244517037877914,1,0,0,0,0,0,0,-0.432678798030046,0,1,1
0.503139883948244,0.26071363507442,0.187712651052919,0,0,1,0,0,0,1,-0.293644071285236,1,1,1
0.235952477599427,0.26071363507442,0.217016358777044,1,0,0,0,0,0,0,-0.0155746177956163,1,0,1
-0.298422335098206,-1.13776345131161,1.20601649446624,1,0,0,0,0,0,0,0.123460108949194,1,1,1
-0.912953369700484,-0.205445393720924,-0.156605914705541,0,0,0,0,1,0,0,0.262494835694004,1,1,1
-0.298422335098206,0.26071363507442,0.151083016397764,0,0,0,1,0,0,0,-0.849782978264476,0,0,1
-0.832797147795839,-0.205445393720924,-0.310450380257193,1,0,0,0,0,0,0,-0.571713524774856,0,1,1
-0.405297297637733,-0.205445393720924,-0.105324426188323,0,0,0,0,0,1,1,-0.571713524774856,0,1,1
0.235952477599427,0.26071363507442,-0.713376361463902,0,1,0,0,0,0,0,-1.1278524317541,1,0,1
-0.832797147795839,0.26071363507442,-0.63279116522256,0,0,0,0,0,0,0,3.18222409733501,1,1,1
-0.565609741447023,-1.13776345131161,-0.317776307188224,0,0,0,0,1,0,1,-0.432678798030046,0,1,1
-0.725922185256313,-1.60392248010696,-0.515576334326063,1,0,0,0,0,0,0,-0.0155746177956163,0,1,1
0.235952477599427,-0.671604422516269,-0.786635630774213,0,0,0,0,1,0,0,-0.988817705009287,1,1,1
-0.298422335098206,-1.13776345131161,-0.391035576498535,1,0,0,0,0,0,1,0.401529562438814,0,1,1
-0.512172260177259,0.26071363507442,-0.596161530567405,0,0,0,1,0,0,1,-1.40592188524372,1,0,1
-0.565609741447023,-1.13776345131161,0.32690526274251,0,0,0,0,0,1,1,0.401529562438814,1,1,1
-1.15342203541442,0.26071363507442,-0.581509676705343,1,0,0,0,0,0,0,-1.40592188524372,0,1,0
-0.832797147795839,-0.671604422516269,-0.742680069188026,1,0,0,0,0,0,0,0.540564289183624,1,1,0
-0.672484703986549,-0.671604422516269,-0.610813384429467,0,0,0,1,0,0,1,-1.40592188524372,1,1,1
-0.565609741447023,-0.671604422516269,-0.830591192360399,0,0,0,1,0,0,0,0.123460108949194,0,1,1
-1.27632824233487,-1.60392248010696,-0.852568973153492,0,0,0,0,0,1,0,-1.26688715849891,1,1,1
-1.17640015236042,-0.671604422516269,-0.962457877118958,0,0,0,0,1,0,1,1.79187682988691,0,1,1
-1.09998455414466,-1.13776345131161,-0.889198607808648,0,0,0,1,0,0,1,-1.54495661198853,1,1,1
-1.15342203541442,-1.13776345131161,-0.925828242463803,1,0,0,0,0,0,0,0.818633742673244,0,0,1
-1.24426575357302,-0.671604422516269,-0.310450380257193,0,0,0,1,0,0,1,-0.432678798030046,1,1,1
-1.30304698296976,-1.60392248010696,-0.97710973098102,0,0,1,0,0,0,0,-1.82302606547815,1,1,1
-1.29877198446818,-1.60392248010696,-1.07967270801546,1,0,0,0,0,0,1,-1.1278524317541,0,1,0
-1.09998455414466,-1.60392248010696,0.539357143742411,1,0,0,0,0,0,1,-0.571713524774856,0,1,1
0.0756400337901374,0.26071363507442,-0.83791711929143,0,0,0,0,0,1,1,-1.54495661198853,1,1,1
1.03751469664588,2.1253497502558,6.56126908104995,0,0,0,0,1,0,1,3.18222409733501,1,0,1
-0.87768463206244,0.726872663869764,-0.112650353119354,0,0,0,0,1,0,1,-1.26688715849891,1,1,0
-0.512172260177259,1.19303169266511,0.356208970466634,0,0,0,0,1,0,0,-1.26688715849891,0,0,1
0.770327290297061,1.19303169266511,0.480749728294162,1,0,0,0,0,0,0,0.540564289183624,0,1,1
0.770327290297061,1.19303169266511,1.78476472201769,0,0,0,0,1,0,0,0.401529562438814,1,1,1
-0.458734778907496,-0.205445393720924,0.290275628087354,0,0,0,1,0,0,0,0.540564289183624,0,1,1
0.235952477599427,0.26071363507442,-0.405687430360597,0,0,0,0,0,1,1,0.540564289183624,0,0,1
0.235952477599427,2.1253497502558,0.619942339983753,0,0,1,0,0,0,0,0.123460108949194,1,1,0
0.235952477599427,1.65919072146045,0.817742367121591,0,0,1,0,0,0,1,-0.710748251519666,1,1,0
-0.565609741447023,-0.671604422516269,1.30125354456964,0,0,0,0,1,0,0,1.09670319616286,0,0,1
-1.20685951668418,-1.13776345131161,-0.486272626601939,0,0,1,0,0,0,0,1.51380737639729,0,0,1
-1.26029699795395,0.726872663869764,-0.691398580670809,0,0,0,0,1,0,1,-0.293644071285236,0,1,1
1.30470210299469,1.65919072146045,-0.845243046222461,1,0,0,0,0,0,0,-0.154609344540426,0,0,1
-0.298422335098206,-0.671604422516269,-0.391035576498535,1,0,0,0,0,0,1,-0.154609344540426,0,0,1
-0.993109591605129,-1.13776345131161,0.73715717088025,1,0,0,0,0,0,1,0.957668469418054,0,1,1
-0.832797147795839,-1.13776345131161,-0.0613688646021369,1,0,0,0,0,0,1,-0.432678798030046,0,1,1
-1.09998455414466,-1.13776345131161,-0.581509676705343,0,0,0,0,1,0,1,0.401529562438814,0,1,1
-0.832797147795839,-1.13776345131161,-0.911176388601741,1,0,0,0,0,0,0,0.401529562438814,1,0,1
-0.432016038272614,-0.205445393720924,-0.706050434532871,0,0,0,1,0,0,0,-1.26688715849891,0,1,1
-1.26029699795395,-1.60392248010696,-1.07967270801546,1,0,0,0,0,0,1,0.262494835694004,1,0,1
-1.1801407760493,-1.60392248010696,-1.02106529256721,0,0,0,0,1,0,1,-0.432678798030046,1,0,1
1.22454588109005,2.1253497502558,3.37449086605143,1,0,0,0,0,0,1,2.90415464384539,1,0,1
