per_cost,travel_days,photo_num,person_num_三五好友,person_num_亲子,person_num_家庭,person_num_情侣,person_num_独自一人,person_num_闺蜜,is_weekend,title_length,z,playmode1,playmode2
3000,3,223,1,0,0,0,0,0,0,23,0.0,1,1.0
2700,7,137,1,0,0,0,0,0,1,14,0.0,1,1.0
1000,3,102,1,0,0,0,0,0,0,28,0.0,1,1.0
2700,3,114,0,0,0,0,0,1,0,18,1.0,1,1.0
2100,5,109,1,0,0,0,0,0,0,16,1.0,1,1.0
3000,5,304,0,0,0,1,0,0,0,18,1.0,1,1.0
3000,5,90,0,0,0,0,0,1,0,7,1.0,1,1.0
2676,5,136,0,1,0,0,0,0,0,39,1.0,1,1.0
3000,4,140,1,0,0,0,0,0,0,15,1.0,0,1.0
1900,5,138,0,0,0,0,1,0,1,10,1.0,1,1.0
2000,3,120,0,0,0,0,1,0,1,6,1.0,0,1.0
3000,3,211,0,0,0,0,0,1,0,31,1.0,1,1.0
5500,4,218,0,0,1,0,0,0,0,17,1.0,1,1.0
3000,1,208,1,0,0,0,0,0,0,20,0.0,1,1.0
1000,1,30,0,0,0,1,0,0,1,19,1.0,1,0.0
2500,5,110,0,0,0,1,0,0,0,8,1.0,1,1.0
3000,4,209,1,0,0,0,0,0,1,11,0.0,0,1.0
800,5,145,1,0,0,0,0,0,1,9,1.0,1,0.0
2056,5,158,0,0,1,0,0,0,1,10,0.0,1,1.0
1200,3,96,0,0,0,0,0,1,0,13,0.0,1,1.0
2000,4,74,0,0,1,0,0,0,0,17,0.0,1,1.0
2000,4,86,0,0,0,1,0,0,0,14,0.0,1,0.0
2500,4,75,0,0,0,0,0,1,0,12,0.0,0,1.0
1200,4,96,1,0,0,0,0,0,0,19,0.0,0,1.0
2000,5,96,0,0,0,1,0,0,0,20,1.0,1,1.0
3043,7,155,1,0,0,0,0,0,1,13,1.0,1,1.0
1500,5,142,0,0,0,0,0,1,0,15,1.0,0,1.0
2000,3,207,0,0,0,0,1,0,1,22,0.0,1,1.0
3000,6,247,0,1,0,0,0,0,1,7,0.0,1,1.0
1500,4,28,0,1,0,0,0,0,0,12,0.0,0,1.0
700,4,188,0,0,0,0,0,0,0,21,0.0,1,1.0
3000,4,128,0,0,0,1,0,0,1,7,1.0,1,1.0
1000,3,42,1,0,0,0,0,0,0,15,1.0,1,1.0
1600,4,100,1,0,0,0,0,0,1,6,1.0,1,0.0
5000,7,54,0,1,0,0,0,0,0,14,0.0,0,1.0
1500,2,136,1,0,0,0,0,0,0,27,1.0,1,1.0
2000,4,129,0,0,0,1,0,0,0,12,0.0,0,1.0
1200,4,119,0,0,0,0,1,0,1,29,0.0,1,1.0
3500,4,147,0,0,0,0,0,1,1,17,1.0,1,1.0
1500,5,78,0,0,1,0,0,0,0,18,1.0,1,0.0
1000,2,55,0,0,0,1,0,0,1,12,1.0,1,1.0
180,2,190,1,0,0,0,0,0,0,15,0.0,1,1.0
300,1,57,1,0,0,0,0,0,1,16,0.0,1,1.0
1450,3,49,1,0,0,0,0,0,1,30,1.0,1,1.0
2500,3,97,0,0,0,1,0,0,1,11,0.0,1,1.0
3000,3,124,0,0,0,0,0,1,1,5,0.0,0,1.0
800,2,34,1,0,0,0,0,0,0,10,1.0,0,1.0
2000,4,16,0,0,0,1,0,0,0,16,1.0,1,1.0
1500,4,49,0,0,0,0,1,0,0,6,0.0,0,1.0
1028,3,31,1,0,0,0,0,0,0,28,1.0,1,1.0
200,1,9,0,1,0,0,0,0,1,16,0.0,0,1.0
2000,4,148,0,0,0,0,0,1,0,11,1.0,1,1.0
1000,4,39,0,0,0,0,1,0,0,11,0.0,1,1.0
3500,4,294,0,0,1,0,0,0,1,15,1.0,1,1.0
2000,5,314,0,0,0,1,0,0,0,24,1.0,1,1.0
3000,4,249,1,0,0,0,0,0,0,19,0.0,1,1.0
2500,7,218,0,0,1,0,0,0,0,9,1.0,1,1.0
12000,5,339,1,0,0,0,0,0,0,23,1.0,1,1.0
3000,3,178,1,0,0,0,0,0,0,23,0.0,1,1.0
6000,5,334,1,0,0,0,0,0,0,12,1.0,1,1.0
5000,5,283,0,0,0,1,0,0,0,12,1.0,1,1.0
5000,3,420,1,0,0,0,0,0,1,36,0.0,1,1.0
7000,6,378,1,0,0,0,0,0,0,17,1.0,1,1.0
7000,1,372,0,0,1,0,0,0,1,19,1.0,0,1.0
5000,8,157,0,1,0,0,0,0,1,25,1.0,1,1.0
3000,5,193,0,1,0,0,0,0,0,24,1.0,1,1.0
5000,4,190,0,0,1,0,0,0,0,15,0.0,0,1.0
3500,4,228,1,0,0,0,0,0,1,25,0.0,1,1.0
6000,6,531,0,0,1,0,0,0,0,8,1.0,0,1.0
3000,5,245,0,0,1,0,0,0,0,30,0.0,1,1.0
6000,5,425,0,0,0,1,0,0,0,28,0.0,1,1.0
8000,7,344,0,0,1,0,0,0,0,14,1.0,0,1.0
6915,4,394,0,0,0,1,0,0,0,11,1.0,1,0.0
2800,4,337,1,0,0,0,0,0,0,15,1.0,1,1.0
5000,5,147,0,0,0,1,0,0,0,10,1.0,1,1.0
5000,7,300,0,0,0,0,0,1,1,20,1.0,0,1.0
2500,8,45,0,0,0,1,0,0,0,9,1.0,0,1.0
5000,5,236,0,0,0,0,0,1,0,12,0.0,1,0.0
3654,7,35,0,0,0,1,0,0,1,19,1.0,1,1.0
4000,4,250,1,0,0,0,0,0,1,12,1.0,1,1.0
3000,9,141,0,0,0,1,0,0,0,5,0.0,1,1.0
4500,6,331,1,0,0,0,0,0,1,20,1.0,1,1.0
5000,5,191,0,0,0,0,0,1,0,16,0.0,1,1.0
6800,6,232,1,0,0,0,0,0,0,17,1.0,1,1.0
4500,4,255,0,0,1,0,0,0,0,19,1.0,1,1.0
4000,5,204,1,0,0,0,0,0,0,15,1.0,1,1.0
4500,6,46,1,0,0,0,0,0,0,12,1.0,1,0.0
2000,6,134,0,0,0,1,0,0,0,10,1.0,1,1.0
9000,7,143,0,0,1,0,0,0,0,10,1.0,1,1.0
6000,5,178,0,0,0,1,0,0,1,16,0.0,1,1.0
5000,4,285,1,0,0,0,0,0,0,11,1.0,1,1.0
5000,6,163,0,0,0,1,0,0,0,11,1.0,1,1.0
2000,4,161,0,0,0,0,0,1,0,17,1.0,1,1.0
5000,5,68,0,0,1,0,0,0,1,17,1.0,1,1.0
3000,3,16,0,0,0,0,1,0,0,11,1.0,0,1.0
3000,6,199,0,1,0,0,0,0,0,8,1.0,0,1.0
650,4,16,0,0,0,0,1,0,0,13,1.0,1,1.0
6700,9,245,0,0,0,0,0,1,0,16,1.0,1,1.0
4200,4,297,0,0,0,0,0,1,0,15,1.0,1,1.0
4200,4,130,0,0,1,0,0,0,1,20,0.0,1,1.0
3000,5,75,0,0,0,0,0,1,0,14,1.0,1,1.0
3000,5,65,0,1,0,0,0,0,1,24,1.0,1,1.0
6000,5,251,0,0,1,0,0,0,0,15,1.0,1,1.0
5000,6,180,0,0,1,0,0,0,0,23,1.0,1,0.0
7500,5,257,0,0,0,1,0,0,1,17,1.0,1,1.0
3500,5,95,0,0,1,0,0,0,0,26,1.0,1,1.0
3000,6,33,0,0,0,1,0,0,1,20,1.0,1,1.0
2291,5,80,0,0,1,0,0,0,0,17,1.0,1,1.0
4000,7,239,1,0,0,0,0,0,1,30,0.0,1,1.0
3500,3,92,0,1,0,0,0,0,0,15,1.0,1,1.0
7000,8,119,0,0,0,1,0,0,0,17,1.0,1,1.0
3000,4,319,0,0,0,1,0,0,1,9,0.0,1,1.0
4000,2,294,0,0,1,0,0,0,1,19,0.0,1,1.0
10000,5,290,0,0,1,0,0,0,0,18,1.0,1,1.0
2100,6,17,0,0,1,0,0,0,0,19,1.0,0,1.0
4800,5,66,1,0,0,0,0,0,0,13,0.0,1,1.0
3000,5,132,0,0,0,0,1,0,1,11,1.0,0,1.0
3000,4,247,0,0,0,0,0,1,0,12,0.0,1,1.0
4000,6,167,0,0,0,1,0,0,0,19,1.0,1,1.0
2800,4,62,1,0,0,0,0,0,1,10,0.0,1,1.0
5000,7,126,0,1,0,0,0,0,1,12,1.0,1,1.0
2500,5,109,0,0,0,1,0,0,0,12,1.0,1,1.0
6300,6,125,0,0,0,1,0,0,0,22,1.0,1,1.0
3648,4,32,0,0,0,1,0,0,0,19,1.0,1,1.0
5000,6,256,0,0,1,0,0,0,0,24,0.0,0,1.0
3000,5,98,0,0,0,0,0,1,0,15,0.0,1,1.0
5000,5,242,0,0,0,0,0,1,0,25,0.0,1,1.0
6000,8,177,0,0,1,0,0,0,1,25,0.0,1,1.0
3000,4,129,0,0,0,1,0,0,1,10,0.0,1,1.0
5000,7,125,0,0,0,1,0,0,0,16,0.0,1,0.0
3000,5,123,0,0,0,0,1,0,0,19,1.0,1,1.0
3000,7,213,0,0,1,0,0,0,0,20,0.0,1,1.0
5500,6,148,1,0,0,0,0,0,1,22,1.0,1,1.0
1500,1,116,1,0,0,0,0,0,1,17,0.0,0,1.0
4000,6,123,1,0,0,0,0,0,1,17,0.0,0,1.0
4500,7,165,0,0,0,0,0,1,0,17,1.0,0,1.0
4000,5,200,1,0,0,0,0,0,0,23,0.0,1,1.0
3000,3,133,0,0,1,0,0,0,0,19,1.0,1,1.0
3000,5,205,0,0,0,0,0,1,0,13,1.0,1,1.0
5000,8,136,1,0,0,0,0,0,0,36,0.0,1,1.0
1000,4,156,1,0,0,0,0,0,0,31,1.0,1,1.0
1500,3,61,0,0,0,1,0,0,0,20,1.0,0,1.0
4000,6,109,0,0,0,1,0,0,0,16,1.0,1,1.0
5000,5,158,1,0,0,0,0,0,0,25,0.0,1,1.0
4500,4,112,0,0,0,0,0,1,0,21,0.0,1,1.0
4000,3,151,1,0,0,0,0,0,1,16,0.0,1,1.0
1500,3,130,1,0,0,0,0,0,1,28,0.0,1,1.0
6000,3,133,0,0,0,0,0,0,0,15,0.0,1,1.0
7200,5,88,0,1,0,0,0,0,0,21,0.0,0,1.0
6000,6,141,1,0,0,0,0,0,1,19,0.0,1,1.0
2000,4,123,1,0,0,0,0,0,0,22,1.0,1,1.0
1500,2,81,1,0,0,0,0,0,1,30,1.0,1,1.0
2200,3,157,0,0,0,1,0,0,1,22,1.0,1,1.0
4000,3,91,1,0,0,0,0,0,1,18,1.0,1,1.0
2000,4,99,0,0,0,0,0,1,0,37,1.0,1,1.0
6000,6,71,0,0,0,0,1,0,0,20,0.0,1,0.0
6000,8,199,0,0,0,1,0,0,0,23,0.0,1,1.0
3000,1,34,0,1,0,0,0,0,0,17,1.0,0,1.0
5500,6,154,0,0,0,0,0,1,0,16,1.0,1,1.0
3000,3,92,1,0,0,0,0,0,0,24,0.0,1,1.0
3500,4,104,0,0,1,0,0,0,0,7,1.0,0,1.0
3800,6,117,1,0,0,0,0,0,0,18,0.0,1,1.0
6000,5,183,0,0,0,1,0,0,0,18,0.0,1,1.0
4000,4,101,0,0,0,1,0,0,0,26,0.0,0,1.0
3000,5,84,0,1,0,0,0,0,0,15,0.0,1,1.0
7000,7,77,0,0,1,0,0,0,0,9,1.0,1,1.0
3000,5,406,0,1,0,0,0,0,0,13,1.0,0,1.0
2000,3,79,1,0,0,0,0,0,0,12,1.0,0,1.0
5000,5,114,0,0,0,0,0,1,0,24,1.0,1,1.0
3000,4,350,0,0,0,1,0,0,0,15,0.0,1,1.0
4500,5,67,0,0,0,1,0,0,1,20,0.0,0,1.0
3000,4,62,0,0,0,1,0,0,0,22,0.0,0,1.0
6000,6,127,0,0,0,1,0,0,0,15,1.0,1,1.0
3500,4,64,0,1,0,0,0,0,0,18,1.0,1,1.0
7000,8,68,0,1,0,0,0,0,1,7,1.0,1,1.0
2324,4,74,0,0,0,0,0,1,0,17,1.0,1,1.0
1200,4,102,0,0,0,1,0,0,0,22,1.0,1,1.0
3000,4,92,0,0,0,1,0,0,0,22,0.0,1,1.0
5000,7,45,0,0,1,0,0,0,0,8,0.0,0,1.0
10000,5,96,1,0,0,0,0,0,1,24,1.0,1,1.0
3000,3,111,1,0,0,0,0,0,1,22,1.0,1,1.0
3500,3,102,1,0,0,0,0,0,0,18,0.0,1,1.0
3000,1,113,0,0,0,1,0,0,0,29,0.0,1,1.0
3000,4,126,1,0,0,0,0,0,0,16,0.0,1,1.0
5000,5,158,0,0,1,0,0,0,1,12,1.0,1,0.0
3000,4,34,0,0,0,0,0,1,0,20,1.0,1,1.0
5000,7,306,0,0,0,1,0,0,0,17,1.0,0,1.0
3000,5,424,1,0,0,0,0,0,1,18,0.0,1,1.0
3000,4,95,0,0,1,0,0,0,1,12,1.0,1,1.0
4900,5,443,1,0,0,0,0,0,0,12,0.0,1,1.0
3700,4,101,1,0,0,0,0,0,0,20,0.0,0,1.0
3000,4,182,1,0,0,0,0,0,1,20,0.0,1,1.0
999,3,60,0,0,0,0,0,1,0,33,0.0,1,1.0
1000,6,130,1,0,0,0,0,0,0,9,0.0,1,1.0
2000,3,115,1,0,0,0,0,0,0,19,0.0,1,1.0
3000,7,52,0,0,0,0,0,1,1,8,1.0,0,1.0
4900,8,98,0,0,0,0,0,1,0,9,1.0,1,1.0
3000,4,126,0,0,0,1,0,0,0,13,0.0,1,1.0
6000,5,103,0,0,0,1,0,0,0,17,0.0,1,0.0
6000,4,102,1,0,0,0,0,0,0,17,0.0,1,1.0
4000,4,167,0,0,0,0,1,0,0,19,0.0,1,1.0
3000,4,72,0,0,0,0,0,1,0,26,0.0,0,1.0
2000,9,104,1,0,0,0,0,0,0,7,1.0,0,1.0
2000,5,162,0,0,0,0,0,1,0,18,0.0,0,1.0
3000,3,161,1,0,0,0,0,0,0,13,0.0,0,1.0
2000,4,45,0,0,0,0,1,0,0,10,1.0,1,1.0
3000,3,76,1,0,0,0,0,0,0,10,1.0,1,0.0
500,3,37,0,0,0,0,0,1,0,9,0.0,1,1.0
5000,7,90,0,0,1,0,0,0,0,19,1.0,0,1.0
5000,5,59,0,0,0,1,0,0,0,18,0.0,0,1.0
5700,5,71,0,0,0,0,1,0,0,22,0.0,0,1.0
6000,9,106,0,0,0,0,0,1,0,24,1.0,1,1.0
3000,7,10,1,0,0,0,0,0,0,9,0.0,1,1.0
3000,3,71,1,0,0,0,0,0,0,13,0.0,1,1.0
6000,8,39,1,0,0,0,0,0,1,15,0.0,1,1.0
1000,7,185,1,0,0,0,0,0,0,18,0.0,0,1.0
1000,7,213,1,0,0,0,0,0,0,17,0.0,1,0.0
5500,9,278,0,0,0,1,0,0,0,19,0.0,1,0.0
3500,7,326,1,0,0,0,0,0,0,20,1.0,1,1.0
6500,5,140,1,0,0,0,0,0,0,10,1.0,1,0.0
8000,6,235,0,0,0,0,1,0,0,20,1.0,1,0.0
6000,6,245,1,0,0,0,0,0,0,13,1.0,1,1.0
5000,5,159,1,0,0,0,0,0,0,18,1.0,0,1.0
6200,5,314,0,0,1,0,0,0,0,15,0.0,0,1.0
5000,7,161,0,1,0,0,0,0,0,10,0.0,1,1.0
6000,7,158,0,0,0,1,0,0,1,20,0.0,0,1.0
1680,5,29,0,0,1,0,0,0,0,15,0.0,0,1.0
1545,8,63,0,0,1,0,0,0,1,13,1.0,0,1.0
3000,7,336,1,0,0,0,0,0,0,17,0.0,0,1.0
5000,5,98,1,0,0,0,0,0,0,5,1.0,0,1.0
3500,6,122,1,0,0,0,0,0,0,9,0.0,0,1.0
3640,9,252,1,0,0,0,0,0,0,6,1.0,0,1.0
1500,5,286,1,0,0,0,0,0,0,17,0.0,1,1.0
2100,7,514,0,0,0,1,0,0,0,27,1.0,1,1.0
3000,1,355,0,0,0,0,0,1,1,16,0.0,1,1.0
2000,8,326,0,0,1,0,0,0,0,24,1.0,1,1.0
1500,7,72,1,0,0,0,0,0,0,13,1.0,0,1.0
4390,6,240,1,0,0,0,0,0,1,9,1.0,1,1.0
1600,4,135,0,0,0,0,1,0,0,17,0.0,1,1.0
1800,4,159,0,0,0,0,1,0,1,17,1.0,1,1.0
4000,8,205,0,0,0,0,0,1,0,31,0.0,1,1.0
850,3,253,1,0,0,0,0,0,1,19,1.0,0,1.0
2100,5,68,0,0,0,0,0,1,0,20,1.0,1,1.0
2000,4,98,0,0,0,1,0,0,0,14,1.0,0,1.0
1000,4,34,1,0,0,0,0,0,1,9,1.0,0,1.0
2500,5,36,0,1,0,0,0,0,1,14,1.0,1,1.0
2000,7,56,0,1,0,0,0,0,0,15,0.0,1,1.0
1800,4,313,0,0,0,0,1,0,1,20,0.0,1,1.0
800,3,103,0,0,0,1,0,0,0,16,0.0,0,1.0
600,2,82,1,0,0,0,0,0,1,17,0.0,0,1.0
800,3,92,0,0,0,0,1,0,1,20,0.0,1,1.0
1600,1,33,1,0,0,0,0,0,1,20,0.0,1,1.0
1000,2,36,1,0,0,0,0,0,0,23,0.0,1,1.0
1000,3,64,0,0,0,0,0,1,0,14,0.0,0,1.0
4000,7,172,0,0,0,1,0,0,0,11,0.0,0,1.0
5000,1,304,0,0,0,0,0,1,1,30,1.0,1,1.0
400,2,29,0,0,0,0,0,1,0,19,0.0,1,1.0
1130,3,48,0,0,1,0,0,0,0,10,0.0,1,1.0
1000,4,264,0,1,0,0,0,0,0,32,1.0,0,1.0
1550,3,90,0,0,0,1,0,0,0,13,1.0,1,1.0
1450,8,104,0,0,0,1,0,0,0,26,1.0,0,1.0
3000,4,114,1,0,0,0,0,0,1,15,1.0,0,1.0
3300,7,174,1,0,0,0,0,0,1,11,1.0,0,1.0
1500,1,252,0,0,1,0,0,0,1,23,0.0,0,1.0
1000,3,75,0,1,0,0,0,0,1,19,1.0,0,1.0
3000,4,162,0,0,0,0,1,0,0,12,1.0,0,1.0
4500,5,100,0,0,0,0,0,1,1,13,1.0,0,1.0
2700,6,45,0,0,0,1,0,0,1,31,1.0,0,1.0
1700,4,75,0,0,1,0,0,0,0,18,0.0,1,1.0
2500,5,24,0,0,1,0,0,0,1,10,1.0,1,1.0
6000,9,100,0,1,0,0,0,0,0,14,1.0,0,1.0
3700,8,63,1,0,0,0,0,0,0,13,0.0,0,1.0
2000,6,326,0,0,1,0,0,0,0,19,0.0,1,1.0
3000,6,98,0,0,1,0,0,0,1,10,1.0,0,1.0
3000,5,208,0,0,1,0,0,0,0,7,1.0,1,1.0
4500,6,188,0,0,1,0,0,0,1,19,1.0,1,1.0
1500,7,166,0,0,0,1,0,0,1,20,1.0,1,1.0
3250,4,198,0,0,1,0,0,0,0,17,1.0,1,1.0
2700,5,164,0,0,0,0,1,0,0,20,0.0,1,1.0
2000,7,126,0,0,0,0,1,0,1,16,1.0,1,1.0
1500,5,186,0,0,0,0,1,0,0,11,1.0,1,1.0
3500,5,140,0,1,0,0,0,0,1,14,0.0,1,1.0
800,3,23,0,0,1,0,0,0,0,26,0.0,1,1.0
3000,4,186,0,0,1,0,0,0,0,22,1.0,1,1.0
3000,1,211,0,0,0,0,0,1,0,25,1.0,1,1.0
1800,4,148,0,0,1,0,0,0,0,24,1.0,0,1.0
4800,7,100,0,0,0,0,1,0,0,25,1.0,1,1.0
1400,5,111,1,0,0,0,0,0,1,7,1.0,0,1.0
2000,9,196,1,0,0,0,0,0,1,18,0.0,0,1.0
2500,7,79,1,0,0,0,0,0,0,19,0.0,1,1.0
5000,4,9,0,0,1,0,0,0,0,17,1.0,0,1.0
1200,5,103,0,0,0,0,0,1,0,18,1.0,1,1.0
1500,4,137,1,0,0,0,0,0,0,22,0.0,1,1.0
15000,9,147,1,0,0,0,0,0,0,35,1.0,0,1.0
1200,5,107,0,0,0,1,0,0,0,17,0.0,1,1.0
4000,8,125,0,1,0,0,0,0,1,18,1.0,1,1.0
2000,3,65,0,0,1,0,0,0,0,25,1.0,0,1.0
600,2,142,1,0,0,0,0,0,1,33,1.0,0,1.0
2300,6,30,0,0,0,1,0,0,0,18,0.0,1,1.0
800,3,73,0,0,0,0,0,1,0,8,0.0,0,1.0
440,2,19,1,0,0,0,0,0,1,19,0.0,1,1.0
700,3,23,1,0,0,0,0,0,0,12,1.0,1,1.0
3400,5,372,0,0,0,1,0,0,0,23,1.0,1,1.0
150,4,23,0,0,1,0,0,0,1,5,1.0,1,1.0
2000,5,287,1,0,0,0,0,0,0,20,1.0,1,1.0
2000,3,220,0,0,0,1,0,0,0,17,0.0,1,0.0
3500,8,93,1,0,0,0,0,0,0,19,0.0,1,1.0
1500,2,195,0,0,1,0,0,0,0,20,0.0,1,1.0
320,1,88,1,0,0,0,0,0,0,9,1.0,1,0.0
3600,2,57,0,0,1,0,0,0,1,13,0.0,1,0.0
380,2,203,0,0,0,0,0,1,0,15,0.0,1,0.0
7000,1,67,1,0,0,0,0,0,1,7,0.0,0,1.0
3000,5,126,0,0,1,0,0,0,0,7,0.0,1,1.0
2000,2,215,1,0,0,0,0,0,0,9,1.0,1,1.0
2200,6,206,0,0,1,0,0,0,0,5,0.0,1,1.0
1000,4,113,0,0,1,0,0,0,0,13,0.0,1,1.0
2300,5,108,0,0,0,0,0,1,0,31,1.0,1,1.0
1000,5,245,1,0,0,0,0,0,0,18,0.0,1,1.0
3800,7,113,0,0,1,0,0,0,0,12,0.0,1,1.0
2000,3,80,1,0,0,0,0,0,0,29,0.0,0,1.0
1500,4,126,1,0,0,0,0,0,1,9,1.0,1,1.0
3000,9,65,0,0,0,0,1,0,0,9,0.0,1,1.0
1900,4,50,0,0,0,0,1,0,1,5,0.0,1,0.0
1500,3,119,1,0,0,0,0,0,0,12,1.0,0,1.0
3000,5,167,0,0,0,1,0,0,0,16,0.0,0,1.0
3000,4,99,0,0,0,0,0,1,0,5,0.0,1,0.0
1000,7,63,0,0,0,0,1,0,0,36,1.0,1,1.0
2900,2,189,1,0,0,0,0,0,1,18,0.0,1,1.0
3000,4,23,1,0,0,0,0,0,0,17,0.0,1,1.0
1500,2,56,1,0,0,0,0,0,0,9,1.0,0,1.0
400,3,0,0,0,0,0,1,0,1,10,1.0,0,1.0
600,2,47,1,0,0,0,0,0,1,14,0.0,1,1.0
1000,5,220,0,0,0,1,0,0,1,16,1.0,1,1.0
1600,3,61,0,0,0,0,1,0,0,37,1.0,1,1.0
3000,6,127,0,0,1,0,0,0,0,7,1.0,1,0.0
1000,2,92,0,0,1,0,0,0,0,11,1.0,0,1.0
3000,5,92,0,0,0,0,1,0,0,4,1.0,1,0.0
1500,5,119,0,0,1,0,0,0,0,9,1.0,0,1.0
247,2,114,1,0,0,0,0,0,0,18,0.0,0,1.0
900,1,18,1,0,0,0,0,0,1,19,0.0,1,1.0
300,1,58,1,0,0,0,0,0,0,28,0.0,0,1.0
2000,2,144,1,0,0,0,0,0,1,29,0.0,1,1.0
900,4,48,0,0,0,0,0,1,0,8,1.0,1,1.0
1000,4,32,0,0,0,1,0,0,1,15,0.0,1,0.0
1500,3,51,1,0,0,0,0,0,0,5,1.0,1,1.0
500,2,37,1,0,0,0,0,0,0,9,0.0,1,1.0
400,3,22,0,0,0,0,0,1,0,9,0.0,0,1.0
1500,3,18,0,0,0,0,0,1,0,6,0.0,1,0.0
1000,3,18,1,0,0,0,0,0,1,28,0.0,1,1.0
3480,5,22,1,0,0,0,0,0,1,29,0.0,1,1.0
300,1,11,0,0,1,0,0,0,0,19,1.0,0,1.0
5000,3,40,1,0,0,0,0,0,0,34,1.0,1,1.0
300,2,11,0,0,1,0,0,0,1,5,1.0,0,1.0
1000,4,43,0,0,0,0,1,0,1,23,0.0,1,1.0
1500,3,28,1,0,0,0,0,0,1,29,0.0,1,1.0
5000,3,26,1,0,0,0,0,0,0,14,1.0,0,1.0
3000,4,25,1,0,0,0,0,0,0,10,1.0,0,1.0
3000,5,55,1,0,0,0,0,0,0,25,1.0,1,0.0
500,2,15,1,0,0,0,0,0,1,19,1.0,1,1.0
600,3,30,0,0,0,0,1,0,0,5,0.0,1,1.0
3000,5,111,1,0,0,0,0,0,0,18,1.0,1,0.0
2100,4,49,0,0,0,0,1,0,1,4,0.0,1,1.0
4000,4,21,0,1,0,0,0,0,0,10,0.0,1,0.0
4000,7,1193,0,0,1,0,0,0,0,22,0.0,0,1.0
3000,4,110,0,0,0,1,0,0,1,14,1.0,1,0.0
5200,9,358,0,0,0,0,0,1,0,7,1.0,1,1.0
4000,5,321,0,0,0,1,0,0,0,20,1.0,1,0.0
5000,8,92,0,0,0,0,1,0,1,26,0.0,1,1.0
3000,1,335,0,0,0,0,1,0,1,22,0.0,1,1.0
4000,7,232,0,0,0,1,0,0,0,37,1.0,1,1.0
3000,6,423,0,1,0,0,0,0,0,14,1.0,0,1.0
1000,4,213,1,0,0,0,0,0,0,11,1.0,1,1.0
5500,9,383,0,0,0,1,0,0,0,17,0.0,1,0.0
4500,7,630,0,0,0,1,0,0,0,20,0.0,0,1.0
3000,7,182,0,0,0,0,0,1,1,36,0.0,1,1.0
2200,8,102,1,0,0,0,0,0,0,7,0.0,0,1.0
2500,6,69,1,0,0,0,0,0,1,19,1.0,0,1.0
4000,7,67,0,0,0,0,0,1,1,3,0.0,1,1.0
2000,5,282,1,0,0,0,0,0,0,20,1.0,0,1.0
5000,5,108,0,0,1,0,0,0,1,17,0.0,1,1.0
2000,4,215,0,0,1,0,0,0,0,13,0.0,0,1.0
13000,8,641,1,0,0,0,0,0,0,30,0.0,1,1.0
300,1,91,0,0,0,1,0,0,1,32,0.0,0,1.0
2300,6,168,1,0,0,0,0,0,1,4,1.0,1,1.0
2000,2,79,0,0,0,0,1,0,0,5,1.0,1,1.0
500,2,68,0,0,0,0,1,0,1,10,1.0,0,1.0
1500,5,19,0,0,0,0,1,0,0,5,1.0,1,1.0
200,1,81,0,0,1,0,0,0,0,9,1.0,0,1.0
700,4,44,0,0,0,0,0,1,0,20,1.0,1,1.0
3000,2,223,0,0,0,1,0,0,1,17,1.0,0,1.0
600,2,22,1,0,0,0,0,0,0,9,1.0,1,1.0
1200,3,27,1,0,0,0,0,0,1,15,1.0,0,1.0
300,1,41,0,0,0,0,1,0,1,13,0.0,0,1.0
5600,9,243,0,0,0,0,0,1,0,10,1.0,1,1.0
550,4,113,1,0,0,0,0,0,0,14,1.0,1,0.0
2000,9,189,1,0,0,0,0,0,0,17,1.0,0,1.0
5000,8,158,1,0,0,0,0,0,0,10,0.0,0,1.0
4000,9,194,0,0,1,0,0,0,0,20,1.0,0,1.0
2200,8,30,0,0,1,0,0,0,1,13,0.0,1,1.0
4800,9,726,1,0,0,0,0,0,1,27,1.0,1,1.0
5500,7,247,0,0,0,1,0,0,0,18,1.0,0,1.0
2000,8,326,0,0,1,0,0,0,0,24,1.0,1,1.0
3200,6,458,1,0,0,0,0,0,0,16,0.0,1,1.0
3500,7,317,0,0,0,1,0,0,1,23,0.0,1,1.0
5500,9,182,1,0,0,0,0,0,1,10,1.0,1,0.0
2000,9,76,0,0,0,0,0,1,1,7,1.0,0,1.0
3000,1,355,0,0,0,0,0,1,1,16,0.0,1,1.0
5000,9,198,1,0,0,0,0,0,0,18,1.0,0,1.0
3000,5,153,0,0,0,0,0,1,0,17,1.0,0,1.0
2300,8,385,0,0,1,0,0,0,0,18,0.0,0,1.0
6000,6,352,1,0,0,0,0,0,0,26,0.0,1,1.0
3000,5,59,0,0,1,0,0,0,0,8,1.0,1,1.0
3000,6,166,1,0,0,0,0,0,0,16,0.0,1,1.0
4500,8,133,1,0,0,0,0,0,0,18,1.0,0,1.0
5000,4,47,0,0,0,0,0,0,1,8,0.0,0,1.0
5000,5,79,0,0,0,1,0,0,1,15,1.0,0,1.0
5800,9,211,1,0,0,0,0,0,0,18,0.0,0,1.0
4850,9,231,0,0,1,0,0,0,1,9,0.0,1,1.0
2500,9,134,1,0,0,0,0,0,0,17,1.0,1,1.0
5000,9,289,1,0,0,0,0,0,0,8,0.0,1,1.0
6000,9,159,0,0,0,1,0,0,0,15,0.0,1,1.0
6000,7,103,1,0,0,0,0,0,0,14,1.0,0,1.0
4300,7,319,0,0,0,1,0,0,0,12,1.0,0,1.0
3000,6,222,0,0,1,0,0,0,1,17,0.0,1,1.0
2000,7,306,0,1,0,0,0,0,1,16,0.0,0,1.0
2500,6,88,0,0,0,1,0,0,0,14,1.0,0,1.0
5000,4,43,0,0,0,1,0,0,0,11,1.0,0,1.0
3900,8,65,0,0,1,0,0,0,1,19,1.0,1,1.0
5000,9,81,1,0,0,0,0,0,1,3,0.0,1,1.0
2000,8,183,0,0,0,0,1,0,0,7,0.0,1,1.0
8000,6,159,0,0,0,1,0,0,0,12,1.0,0,1.0
3500,6,55,0,0,0,0,0,1,1,13,0.0,0,1.0
1910,9,179,0,0,1,0,0,0,1,17,1.0,0,1.0
1200,7,245,0,0,1,0,0,0,0,16,1.0,0,1.0
2300,8,391,0,0,1,0,0,0,0,27,1.0,0,1.0
300,3,33,0,0,0,0,1,0,0,18,1.0,0,1.0
3000,7,28,0,0,0,1,0,0,0,11,1.0,1,1.0
1600,5,45,0,0,0,0,0,1,0,11,1.0,1,1.0
3000,5,240,1,0,0,0,0,0,0,19,0.0,1,1.0
500,2,136,1,0,0,0,0,0,1,25,0.0,1,1.0
800,3,54,1,0,0,0,0,0,0,17,1.0,1,1.0
1000,3,232,1,0,0,0,0,0,1,20,0.0,1,1.0
1500,3,162,1,0,0,0,0,0,0,19,0.0,1,1.0
1000,2,117,1,0,0,0,0,0,0,22,0.0,1,1.0
500,1,92,1,0,0,0,0,0,0,13,1.0,1,0.0
500,2,74,1,0,0,0,0,0,0,20,1.0,0,1.0
600,3,61,0,0,0,0,1,0,0,15,1.0,1,1.0
1200,3,163,1,0,0,0,0,0,1,18,0.0,1,1.0
2000,4,106,0,0,0,0,1,0,0,17,1.0,1,1.0
800,2,52,1,0,0,0,0,0,1,9,1.0,1,0.0
1500,3,62,0,0,0,1,0,0,1,5,1.0,0,1.0
1500,4,79,0,0,0,1,0,0,0,9,0.0,0,1.0
3000,4,124,1,0,0,0,0,0,0,19,0.0,1,1.0
1500,4,335,1,0,0,0,0,0,0,10,0.0,1,1.0
800,1,45,0,0,1,0,0,0,0,20,0.0,1,1.0
300,3,339,0,0,1,0,0,0,0,13,0.0,1,0.0
3000,1,523,0,0,0,1,0,0,0,20,0.0,0,1.0
1000,4,201,1,0,0,0,0,0,0,22,0.0,1,0.0
600,3,236,0,0,0,1,0,0,0,18,0.0,0,1.0
1200,5,234,0,0,0,0,1,0,1,19,1.0,0,1.0
1500,4,109,0,0,0,1,0,0,0,18,1.0,0,1.0
1085,4,117,0,0,0,0,1,0,0,14,0.0,1,1.0
1600,6,112,0,0,0,0,1,0,0,19,1.0,0,1.0
4500,9,1052,0,0,0,0,1,0,1,39,1.0,0,1.0
1000,2,202,1,0,0,0,0,0,0,10,1.0,0,0.0
1000,3,155,1,0,0,0,0,0,0,27,1.0,1,1.0
2068,5,126,1,0,0,0,0,0,1,20,0.0,1,0.0
5000,5,510,1,0,0,0,0,0,0,16,1.0,1,1.0
5200,8,738,0,0,0,0,1,0,0,22,0.0,0,1.0
816,2,153,0,0,1,0,0,0,0,15,0.0,0,1.0
2800,6,137,0,0,0,1,0,0,0,14,0.0,1,1.0
1100,4,145,0,0,1,0,0,0,0,4,1.0,0,1.0
2000,3,241,1,0,0,0,0,0,1,9,0.0,1,1.0
4000,3,122,1,0,0,0,0,0,0,16,1.0,1,0.0
3000,5,86,0,0,0,0,1,0,0,10,0.0,0,1.0
1300,4,88,1,0,0,0,0,0,0,15,1.0,0,1.0
2300,8,505,1,0,0,0,0,0,1,15,1.0,0,1.0
500,1,120,1,0,0,0,0,0,0,5,0.0,0,1.0
2500,8,194,0,0,0,0,1,0,0,3,1.0,0,1.0
4700,9,226,0,1,0,0,0,0,1,15,1.0,0,1.0
4000,8,359,1,0,0,0,0,0,0,19,0.0,1,1.0
3000,7,269,0,0,0,1,0,0,0,32,0.0,1,1.0
600,2,134,0,0,0,0,0,1,1,4,1.0,0,1.0
2250,4,456,0,0,1,0,0,0,0,11,0.0,0,1.0
830,3,79,0,0,1,0,0,0,0,22,0.0,1,1.0
4000,7,222,1,0,0,0,0,0,0,20,0.0,1,1.0
4000,9,255,1,0,0,0,0,0,1,4,0.0,1,1.0
1335,3,180,1,0,0,0,0,0,1,17,0.0,0,1.0
1000,3,182,1,0,0,0,0,0,0,13,0.0,0,1.0
2500,7,192,1,0,0,0,0,0,0,14,1.0,0,1.0
5000,5,121,0,0,0,0,1,0,1,22,0.0,0,1.0
1100,3,28,1,0,0,0,0,0,0,19,1.0,0,1.0
1850,7,62,0,1,0,0,0,0,1,20,0.0,1,1.0
2000,3,126,1,0,0,0,0,0,0,22,0.0,1,0.0
1500,4,458,0,0,0,0,1,0,0,24,1.0,1,1.0
3000,1,273,1,0,0,0,0,0,0,13,0.0,1,1.0
3400,3,162,0,0,0,1,0,0,1,15,1.0,1,1.0
6000,7,5,0,0,0,1,0,0,0,12,0.0,0,1.0
2800,4,56,0,1,0,0,0,0,0,14,1.0,0,1.0
1500,5,111,0,1,0,0,0,0,1,15,1.0,1,1.0
1500,4,154,0,0,0,0,1,0,0,30,1.0,1,0.0
1000,3,105,1,0,0,0,0,0,0,10,0.0,0,1.0
2000,2,162,1,0,0,0,0,0,0,12,0.0,0,1.0
4700,4,101,0,0,0,0,0,1,0,15,0.0,1,0.0
1200,3,279,1,0,0,0,0,0,0,14,0.0,0,1.0
300,1,201,0,0,1,0,0,0,1,16,0.0,1,1.0
1500,4,84,0,0,0,0,0,1,0,8,1.0,1,0.0
1500,3,111,1,0,0,0,0,0,0,10,1.0,0,1.0
3000,1,162,0,0,1,0,0,0,1,27,0.0,0,1.0
160,2,64,1,0,0,0,0,0,1,17,0.0,0,1.0
3000,4,141,0,0,0,1,0,0,0,13,1.0,1,0.0
3000,7,112,1,0,0,0,0,0,0,10,1.0,1,1.0
1400,2,45,1,0,0,0,0,0,1,4,1.0,0,1.0
2500,4,74,0,0,0,0,0,1,1,6,1.0,0,1.0
3000,6,89,0,0,0,0,1,0,0,22,0.0,1,1.0
400,1,71,0,0,0,1,0,0,1,21,0.0,0,1.0
4000,4,79,0,0,1,0,0,0,0,9,1.0,0,1.0
500,2,73,0,1,0,0,0,0,0,16,1.0,0,1.0
5000,6,117,0,1,0,0,0,0,0,19,1.0,1,0.0
1000,2,18,0,1,0,0,0,0,0,19,0.0,1,1.0
500,2,38,0,1,0,0,0,0,1,12,0.0,1,1.0
150,1,60,0,1,0,0,0,0,0,22,1.0,1,1.0
600,1,46,0,0,0,1,0,0,0,19,0.0,0,1.0
1800,3,69,0,0,0,0,1,0,0,24,1.0,1,0.0
800,3,19,0,0,0,0,0,1,0,5,0.0,1,1.0
200,2,47,0,0,1,0,0,0,1,25,0.0,1,1.0
450,1,20,0,0,1,0,0,0,1,8,0.0,0,1.0
1500,2,74,0,0,0,1,0,0,1,8,0.0,0,1.0
5000,5,83,0,1,0,0,0,0,0,7,1.0,1,1.0
2000,3,19,0,1,0,0,0,0,1,14,1.0,1,1.0
3000,7,227,0,0,1,0,0,0,0,13,0.0,1,1.0
1000,3,189,0,1,0,0,0,0,0,23,0.0,1,0.0
4000,3,313,1,0,0,0,0,0,0,19,1.0,1,1.0
2000,3,180,1,0,0,0,0,0,0,29,1.0,0,1.0
3000,5,273,0,1,0,0,0,0,0,12,1.0,0,1.0
500,1,138,0,0,1,0,0,0,0,14,1.0,0,1.0
300,1,52,0,0,1,0,0,0,0,18,0.0,1,1.0
300,1,70,0,0,0,0,1,0,1,30,1.0,0,1.0
200,1,60,0,0,0,0,1,0,1,33,1.0,0,1.0
7900,9,508,0,0,1,0,0,0,1,18,1.0,1,1.0
9000,7,374,1,0,0,0,0,0,0,33,0.0,1,1.0
3000,3,245,1,0,0,0,0,0,0,12,1.0,1,1.0
1500,7,166,0,0,0,1,0,0,1,20,1.0,1,1.0
5000,7,449,0,0,1,0,0,0,1,14,1.0,1,1.0
3000,7,179,0,0,1,0,0,0,0,17,1.0,1,0.0
4000,6,155,1,0,0,0,0,0,1,20,1.0,1,1.0
6000,9,969,0,1,0,0,0,0,1,29,1.0,1,1.0
1500,3,339,1,0,0,0,0,0,0,14,0.0,0,1.0
3500,6,34,0,0,0,1,0,0,0,11,1.0,1,0.0
1000,6,176,0,0,0,0,1,0,0,8,1.0,1,1.0
4361,9,388,0,0,1,0,0,0,1,13,1.0,1,1.0
1000,3,154,0,0,1,0,0,0,0,22,0.0,1,1.0
1500,1,77,0,0,1,0,0,0,0,19,0.0,0,1.0
1100,6,41,0,1,0,0,0,0,1,31,0.0,1,1.0
3300,5,53,0,1,0,0,0,0,1,19,1.0,1,1.0
7000,7,36,0,0,0,0,1,0,0,13,1.0,1,1.0
2000,3,256,0,0,1,0,0,0,1,31,1.0,0,1.0
5323,5,397,0,1,0,0,0,0,0,9,0.0,1,1.0
2800,3,249,0,1,0,0,0,0,0,17,0.0,1,1.0
5000,5,259,0,0,1,0,0,0,0,18,0.0,0,1.0
2700,5,164,0,0,0,0,1,0,0,20,0.0,1,1.0
850,3,264,1,0,0,0,0,0,1,12,0.0,1,1.0
1500,3,170,0,0,0,0,1,0,0,12,0.0,1,1.0
2400,4,193,1,0,0,0,0,0,0,6,1.0,1,1.0
4000,6,128,0,0,0,1,0,0,0,19,1.0,1,1.0
3500,3,110,0,0,0,0,1,0,1,18,1.0,0,1.0
3000,8,259,0,0,0,0,1,0,0,16,0.0,0,1.0
2500,7,79,1,0,0,0,0,0,0,19,0.0,1,1.0
7000,9,269,0,1,0,0,0,0,0,15,0.0,0,1.0
1200,6,87,1,0,0,0,0,0,0,9,1.0,0,1.0
500,2,114,1,0,0,0,0,0,1,19,1.0,0,1.0
400,2,29,0,0,0,0,0,1,0,19,0.0,1,1.0
2600,6,116,0,0,0,0,1,0,0,19,0.0,1,0.0
5000,7,31,0,1,0,0,0,0,1,9,0.0,0,1.0
6000,8,209,0,0,1,0,0,0,1,14,0.0,1,0.0
10000,5,67,0,0,0,0,0,1,1,11,0.0,1,1.0
500,2,45,1,0,0,0,0,0,0,34,1.0,1,1.0
300,1,54,0,0,0,0,1,0,0,33,1.0,0,1.0
3000,8,76,0,0,0,1,0,0,0,38,1.0,0,1.0
4300,9,243,0,0,0,1,0,0,0,13,0.0,1,1.0
1200,3,51,0,0,0,1,0,0,0,18,0.0,1,1.0
2500,3,104,1,0,0,0,0,0,0,20,0.0,1,1.0
1500,3,106,0,0,0,1,0,0,0,11,1.0,1,1.0
180,1,33,0,0,1,0,0,0,0,28,0.0,0,1.0
1000,2,37,1,0,0,0,0,0,1,16,0.0,0,1.0
600,3,158,0,0,0,0,0,1,0,14,1.0,1,1.0
900,3,118,0,0,0,0,0,1,1,10,0.0,1,1.0
500,2,93,1,0,0,0,0,0,1,13,1.0,1,1.0
300,2,65,1,0,0,0,0,0,1,14,0.0,0,1.0
250,2,22,1,0,0,0,0,0,1,8,1.0,0,1.0
500,2,199,0,0,0,0,0,1,0,8,1.0,0,1.0
1000,2,103,0,0,0,0,0,1,1,13,1.0,1,0.0
700,1,17,1,0,0,0,0,0,0,15,0.0,0,1.0
1000,2,6,0,0,0,0,0,1,0,13,0.0,0,1.0
500,2,123,0,0,0,0,1,0,0,33,1.0,0,1.0
200,1,9,1,0,0,0,0,0,1,7,1.0,1,1.0
2000,6,80,0,0,0,0,0,1,0,16,1.0,1,0.0
1000,3,26,1,0,0,0,0,0,1,19,1.0,0,1.0
3000,3,27,1,0,0,0,0,0,1,23,1.0,1,1.0
2000,3,24,0,0,1,0,0,0,1,12,1.0,1,1.0
450,2,0,0,0,0,0,0,1,1,20,1.0,0,1.0
300,2,23,1,0,0,0,0,0,0,9,1.0,0,1.0
800,3,29,1,0,0,0,0,0,1,21,1.0,1,1.0
2100,5,218,0,0,1,0,0,0,0,31,1.0,0,1.0
1000,3,124,0,0,0,0,0,1,1,11,1.0,0,1.0
7000,6,909,0,1,0,0,0,0,0,11,1.0,0,1.0
3000,8,349,1,0,0,0,0,0,0,26,0.0,1,1.0
1500,7,256,0,0,0,0,1,0,0,17,0.0,1,1.0
3900,9,436,0,0,1,0,0,0,0,18,1.0,1,1.0
1200,3,58,1,0,0,0,0,0,1,9,0.0,0,1.0
2885,4,92,0,1,0,0,0,0,0,15,1.0,1,1.0
1000,3,160,1,0,0,0,0,0,0,12,1.0,0,1.0
8500,5,252,1,0,0,0,0,0,1,27,0.0,0,1.0
3000,7,179,0,0,1,0,0,0,0,17,1.0,1,0.0
5000,7,191,0,0,1,0,0,0,1,24,1.0,1,1.0
3000,4,135,0,0,0,0,0,1,1,9,0.0,1,0.0
6000,6,108,0,0,0,0,0,1,1,7,1.0,0,1.0
1800,3,140,0,0,0,1,0,0,0,24,1.0,1,1.0
600,2,195,0,0,0,0,1,0,0,17,1.0,1,1.0
1500,3,122,0,1,0,0,0,0,0,18,1.0,0,1.0
500,1,16,1,0,0,0,0,0,0,8,0.0,0,1.0
6000,8,209,0,0,1,0,0,0,1,14,0.0,1,0.0
500,2,106,0,0,0,0,1,0,0,17,1.0,0,1.0
500,2,45,1,0,0,0,0,0,0,34,1.0,1,1.0
3000,8,76,0,0,0,1,0,0,0,38,1.0,0,1.0
3000,6,61,0,0,0,1,0,0,0,8,0.0,0,1.0
4000,3,25,0,0,0,1,0,0,1,7,1.0,1,1.0
1000,2,180,1,0,0,0,0,0,1,21,0.0,1,1.0
1000,2,36,1,0,0,0,0,0,0,25,0.0,1,1.0
1000,6,89,0,0,0,0,0,1,0,7,1.0,0,1.0
1300,3,70,0,0,0,0,1,0,0,8,0.0,1,0.0
1100,3,145,1,0,0,0,0,0,1,17,0.0,1,1.0
1500,1,122,0,0,0,1,0,0,1,11,1.0,0,1.0
320,2,180,1,0,0,0,0,0,1,11,0.0,0,1.0
1500,3,24,0,0,0,1,0,0,0,12,1.0,1,0.0
1500,6,33,0,0,1,0,0,0,0,11,1.0,0,1.0
1000,3,66,0,0,0,0,1,0,1,17,0.0,0,1.0
1300,3,96,0,0,0,0,1,0,1,20,0.0,1,1.0
2000,2,216,0,0,0,1,0,0,1,25,1.0,1,1.0
2000,4,95,0,0,0,0,1,0,0,20,1.0,0,1.0
800,1,133,1,0,0,0,0,0,0,20,0.0,1,1.0
900,3,123,0,0,0,1,0,0,1,2,1.0,1,1.0
800,5,159,0,0,0,0,0,1,0,9,1.0,1,1.0
500,2,61,0,0,0,0,0,1,0,9,0.0,1,1.0
170,1,49,1,0,0,0,0,0,1,15,0.0,0,1.0
400,3,68,0,0,0,0,0,1,1,7,0.0,1,1.0
2000,3,108,0,0,0,1,0,0,0,6,1.0,1,1.0
900,3,65,0,0,0,0,0,1,0,11,1.0,1,0.0
700,2,36,0,0,0,1,0,0,1,7,1.0,0,1.0
2500,4,142,1,0,0,0,0,0,0,14,1.0,0,1.0
600,2,25,1,0,0,0,0,0,1,5,0.0,0,1.0
300,1,38,0,0,0,0,1,0,0,14,0.0,0,1.0
2500,3,65,1,0,0,0,0,0,0,15,1.0,0,1.0
1500,3,35,0,0,0,0,0,1,0,14,1.0,0,1.0
110,1,36,0,0,1,0,0,0,1,14,0.0,0,1.0
2500,4,24,0,0,1,0,0,0,1,7,1.0,0,1.0
1500,3,34,0,0,0,1,0,0,1,18,0.0,1,1.0
1000,4,244,1,0,0,0,0,0,0,14,0.0,0,1.0
1000,2,76,0,0,0,0,1,0,1,13,0.0,1,1.0
600,2,26,0,0,0,0,0,1,1,17,0.0,0,1.0
2000,8,501,0,0,0,0,1,0,1,20,1.0,1,0.0
1800,7,234,0,0,0,0,0,1,1,20,0.0,1,0.0
500,1,21,1,0,0,0,0,0,0,24,0.0,0,1.0
750,6,369,0,0,0,0,0,1,0,16,0.0,1,1.0
3500,7,553,0,0,0,0,0,1,0,36,0.0,1,1.0
3000,1,97,0,0,0,0,1,0,0,19,0.0,1,1.0
3000,8,311,0,0,0,0,1,0,1,28,0.0,1,1.0
2700,5,164,0,0,0,0,1,0,0,20,0.0,1,1.0
3000,4,213,1,0,0,0,0,0,1,9,1.0,1,1.0
3500,7,149,1,0,0,0,0,0,1,8,0.0,0,1.0
1670,6,76,0,0,0,0,1,0,0,14,0.0,0,1.0
200,6,62,0,0,0,0,1,0,1,14,0.0,1,1.0
870,5,59,0,0,1,0,0,0,0,16,0.0,0,1.0
2000,8,168,1,0,0,0,0,0,0,17,1.0,1,1.0
200,1,236,0,0,1,0,0,0,1,28,0.0,0,1.0
800,1,35,0,0,0,0,1,0,0,13,1.0,0,1.0
2000,7,132,0,1,0,0,0,0,1,15,1.0,0,1.0
700,3,23,1,0,0,0,0,0,0,12,1.0,1,1.0
1000,1,27,1,0,0,0,0,0,0,23,1.0,0,1.0
500,1,19,1,0,0,0,0,0,0,30,0.0,0,1.0
600,2,175,0,0,1,0,0,0,1,19,0.0,1,1.0
2500,4,518,0,0,0,0,1,0,0,11,1.0,1,1.0
3000,7,342,0,0,0,0,1,0,0,31,1.0,0,1.0
2000,3,477,1,0,0,0,0,0,0,14,1.0,1,1.0
600,3,248,1,0,0,0,0,0,0,20,0.0,1,0.0
2000,4,273,1,0,0,0,0,0,1,18,0.0,1,1.0
500,3,197,0,0,0,0,1,0,1,17,0.0,0,1.0
1000,4,166,0,0,0,0,1,0,0,2,1.0,1,1.0
2000,3,244,1,0,0,0,0,0,0,25,1.0,1,1.0
3500,5,271,0,0,0,1,0,0,1,12,0.0,0,1.0
300,2,235,1,0,0,0,0,0,1,10,1.0,0,1.0
1500,3,119,0,0,0,1,0,0,1,16,0.0,1,1.0
1300,3,15,1,0,0,0,0,0,1,8,1.0,1,1.0
2000,3,256,1,0,0,0,0,0,1,10,0.0,0,1.0
1600,3,109,1,0,0,0,0,0,0,8,0.0,0,1.0
2000,4,110,0,0,1,0,0,0,0,12,1.0,1,0.0
750,2,148,0,0,0,1,0,0,1,12,0.0,1,1.0
500,3,199,0,0,0,1,0,0,0,10,1.0,0,1.0
6000,7,283,0,0,0,1,0,0,0,9,0.0,1,1.0
1000,2,143,1,0,0,0,0,0,0,17,1.0,1,1.0
2000,3,71,1,0,0,0,0,0,0,22,0.0,1,1.0
500,2,114,1,0,0,0,0,0,1,19,0.0,1,1.0
2000,3,67,0,0,0,1,0,0,0,14,0.0,1,1.0
2000,2,105,0,0,1,0,0,0,1,14,0.0,1,1.0
1500,4,67,0,0,1,0,0,0,0,7,1.0,1,1.0
500,3,19,1,0,0,0,0,0,0,7,1.0,1,0.0
1500,2,108,1,0,0,0,0,0,1,24,0.0,1,1.0
500,2,89,0,0,1,0,0,0,0,10,1.0,1,1.0
2000,4,62,0,0,1,0,0,0,0,9,0.0,1,1.0
1000,3,28,0,0,0,0,1,0,0,5,0.0,1,1.0
3000,7,228,0,0,0,1,0,0,1,20,0.0,1,1.0
3000,3,232,1,0,0,0,0,0,0,12,0.0,1,1.0
1500,8,253,0,0,1,0,0,0,0,19,0.0,0,1.0
2000,4,123,1,0,0,0,0,0,0,16,0.0,1,1.0
500,2,119,1,0,0,0,0,0,1,10,0.0,1,0.0
1500,3,143,1,0,0,0,0,0,0,15,0.0,1,1.0
2000,3,151,0,0,0,0,1,0,1,4,0.0,1,1.0
2000,2,124,0,0,0,0,1,0,1,18,0.0,1,1.0
1665,5,283,0,0,0,0,0,1,0,17,1.0,1,1.0
2500,5,186,0,1,0,0,0,0,0,19,1.0,1,0.0
4000,6,287,0,1,0,0,0,0,0,9,0.0,0,1.0
2000,5,338,0,0,0,1,0,0,0,21,0.0,1,1.0
1840,4,243,0,0,0,1,0,0,0,13,0.0,1,1.0
4500,5,19,0,0,0,0,1,0,0,7,0.0,1,0.0
2500,5,624,0,0,0,0,0,1,0,19,1.0,1,1.0
3080,7,107,0,0,0,1,0,0,0,16,1.0,0,1.0
2500,5,135,0,0,1,0,0,0,1,9,0.0,1,1.0
4000,7,457,0,0,1,0,0,0,0,19,1.0,0,1.0
2500,8,194,0,0,0,0,1,0,0,3,1.0,0,1.0
2800,7,194,0,0,0,1,0,0,0,20,1.0,1,1.0
916,6,141,0,0,0,0,1,0,1,7,1.0,1,0.0
1600,7,205,0,0,0,0,1,0,0,7,0.0,0,1.0
2600,6,238,1,0,0,0,0,0,0,17,0.0,1,1.0
3000,7,269,0,0,0,1,0,0,0,32,0.0,1,1.0
4000,7,200,0,0,0,0,1,0,1,30,0.0,0,1.0
2700,7,185,0,0,1,0,0,0,0,20,1.0,0,1.0
4000,7,222,1,0,0,0,0,0,0,20,0.0,1,1.0
4000,9,255,1,0,0,0,0,0,1,4,0.0,1,1.0
3000,7,279,0,0,0,1,0,0,0,14,1.0,0,1.0
5000,5,343,1,0,0,0,0,0,0,35,1.0,1,1.0
2500,8,236,1,0,0,0,0,0,0,25,1.0,1,1.0
2300,4,248,1,0,0,0,0,0,0,12,1.0,1,0.0
1200,4,174,0,0,0,0,1,0,0,8,1.0,1,0.0
3000,8,268,0,0,1,0,0,0,1,11,1.0,1,0.0
3000,6,77,0,0,0,0,0,1,0,18,0.0,1,1.0
500,2,45,0,0,0,1,0,0,0,34,0.0,1,1.0
850,3,127,1,0,0,0,0,0,0,6,0.0,0,1.0
750,3,64,0,0,0,0,0,1,0,7,1.0,0,1.0
1000,5,92,0,0,0,0,1,0,0,7,0.0,0,1.0
2800,6,82,0,0,0,0,0,1,0,12,0.0,1,1.0
3550,5,493,0,0,1,0,0,0,0,29,1.0,1,1.0
4000,3,196,0,0,0,1,0,0,0,36,1.0,1,1.0
1500,3,219,0,0,0,0,1,0,0,11,0.0,1,1.0
4000,1,271,1,0,0,0,0,0,0,17,0.0,1,0.0
2000,3,39,0,0,0,0,1,0,0,5,0.0,1,0.0
900,4,142,0,0,0,1,0,0,0,18,1.0,1,1.0
1000,5,277,0,0,0,0,1,0,0,2,1.0,0,1.0
2800,3,116,0,0,0,0,0,1,0,37,1.0,1,1.0
1300,3,167,0,0,1,0,0,0,1,18,1.0,1,1.0
2000,4,215,0,0,0,0,1,0,0,9,0.0,0,1.0
2600,4,117,1,0,0,0,0,0,0,12,0.0,1,1.0
2000,3,122,0,0,0,0,1,0,0,20,0.0,1,1.0
5000,4,258,0,0,0,1,0,0,0,7,1.0,1,1.0
888,3,112,0,0,1,0,0,0,1,22,0.0,0,1.0
2600,4,242,0,0,1,0,0,0,0,23,1.0,1,1.0
1900,4,121,1,0,0,0,0,0,0,19,1.0,1,1.0
4000,5,166,0,0,0,0,0,1,0,17,1.0,1,1.0
2000,3,259,1,0,0,0,0,0,0,16,0.0,0,1.0
3000,6,96,1,0,0,0,0,0,0,9,0.0,0,1.0
2500,6,53,1,0,0,0,0,0,0,14,1.0,1,0.0
1400,4,148,0,0,0,0,1,0,0,10,1.0,1,1.0
1500,5,52,0,0,0,0,0,0,0,38,1.0,1,1.0
1000,1,83,0,0,0,0,1,0,1,14,1.0,1,0.0
1500,5,116,0,0,0,1,0,0,0,18,0.0,1,0.0
1000,3,70,0,0,0,0,0,1,1,12,1.0,0,1.0
1500,7,163,1,0,0,0,0,0,1,9,1.0,0,1.0
1200,4,256,1,0,0,0,0,0,0,9,0.0,0,1.0
1500,5,150,1,0,0,0,0,0,1,13,1.0,0,1.0
1500,2,27,1,0,0,0,0,0,0,16,0.0,1,1.0
1870,4,93,0,0,0,0,0,1,1,26,1.0,1,1.0
3200,3,52,1,0,0,0,0,0,1,14,0.0,1,1.0
2535,4,146,0,1,0,0,0,0,0,5,1.0,1,1.0
2300,3,65,0,0,1,0,0,0,0,14,1.0,1,1.0
1000,3,18,1,0,0,0,0,0,1,7,1.0,0,1.0
3000,1,115,0,0,1,0,0,0,0,10,0.0,1,0.0
3000,5,69,0,0,0,0,1,0,0,11,0.0,1,1.0
2000,3,101,0,0,0,1,0,0,0,5,1.0,0,1.0
1600,1,64,1,0,0,0,0,0,0,17,0.0,0,1.0
2500,5,153,0,0,0,1,0,0,0,11,0.0,1,0.0
2500,4,54,0,0,0,0,0,1,1,5,1.0,1,0.0
700,2,23,0,0,0,0,1,0,0,11,1.0,1,0.0
800,2,73,1,0,0,0,0,0,0,9,1.0,1,1.0
500,3,73,1,0,0,0,0,0,0,17,0.0,0,1.0
500,5,124,0,0,0,1,0,0,0,11,1.0,0,1.0
2330,6,584,0,1,0,0,0,0,0,11,1.0,1,0.0
2000,3,54,0,0,0,1,0,0,1,7,1.0,1,1.0
1200,2,89,1,0,0,0,0,0,1,12,1.0,0,1.0
1500,4,106,0,0,0,1,0,0,0,6,0.0,0,1.0
4888,4,58,1,0,0,0,0,0,1,13,1.0,1,1.0
5000,3,24,1,0,0,0,0,0,1,22,1.0,1,1.0
2500,4,70,0,0,1,0,0,0,1,5,1.0,1,0.0
2500,4,10,0,0,0,0,1,0,0,15,0.0,1,0.0
600,3,10,0,0,0,0,0,1,1,17,0.0,1,0.0
3500,3,50,0,0,0,0,1,0,1,7,0.0,0,1.0
2000,4,94,1,0,0,0,0,0,1,16,0.0,0,1.0
1300,4,31,0,0,0,0,0,1,0,7,1.0,1,1.0
2000,5,36,0,0,0,0,0,1,1,8,1.0,0,1.0
2500,3,28,0,0,0,1,0,0,1,12,1.0,1,1.0
2000,6,24,0,0,0,0,0,1,0,15,1.0,1,1.0
850,1,19,1,0,0,0,0,0,1,7,1.0,0,1.0
120,1,50,0,0,1,0,0,0,1,9,1.0,0,1.0
2400,1,24,0,0,0,1,0,0,0,9,0.0,0,1.0
2000,4,186,0,0,0,0,0,1,0,30,0.0,1,0.0
2000,9,84,0,0,1,0,0,0,0,11,0.0,1,1.0
3321,6,318,0,0,0,0,1,0,0,15,1.0,0,1.0
1600,5,34,0,1,0,0,0,0,0,15,1.0,1,1.0
1800,1,116,1,0,0,0,0,0,0,18,1.0,1,1.0
6000,6,21,0,0,0,1,0,0,0,19,1.0,1,1.0
2000,3,68,1,0,0,0,0,0,1,16,1.0,0,1.0
3000,6,217,0,0,1,0,0,0,0,11,1.0,1,0.0
4460,7,83,0,1,0,0,0,0,0,16,1.0,0,1.0
500,3,68,0,0,1,0,0,0,1,15,1.0,0,1.0
3345,8,559,0,0,1,0,0,0,1,9,0.0,1,1.0
4000,7,411,0,0,0,0,1,0,0,15,0.0,0,1.0
3300,4,135,0,0,0,0,1,0,0,16,1.0,1,1.0
3500,8,175,0,0,0,1,0,0,1,14,1.0,1,0.0
2000,7,250,0,1,0,0,0,0,0,20,1.0,1,1.0
2800,6,207,0,0,1,0,0,0,0,17,1.0,1,1.0
3600,7,185,0,0,0,0,1,0,1,19,0.0,1,0.0
4071,8,437,0,0,0,1,0,0,0,15,0.0,1,0.0
3000,5,41,0,0,1,0,0,0,0,13,0.0,0,1.0
3000,9,66,1,0,0,0,0,0,1,16,1.0,1,0.0
2300,6,164,0,0,0,0,1,0,0,10,0.0,1,1.0
1700,6,36,0,0,0,0,0,1,0,19,1.0,0,1.0
6500,9,100,0,0,0,0,0,1,1,33,1.0,1,1.0
3000,3,276,1,0,0,0,0,0,0,15,0.0,1,1.0
4000,8,166,0,0,1,0,0,0,0,18,1.0,1,1.0
2000,2,116,1,0,0,0,0,0,0,15,0.0,0,1.0
4000,7,254,0,0,0,0,1,0,1,27,0.0,0,1.0
1200,6,87,1,0,0,0,0,0,0,9,1.0,0,1.0
1879,8,209,0,0,0,0,1,0,1,20,0.0,0,1.0
1600,3,19,0,0,1,0,0,0,0,12,0.0,1,1.0
1940,8,52,1,0,0,0,0,0,0,19,0.0,0,1.0
3000,5,100,0,0,0,1,0,0,1,36,0.0,1,1.0
5000,6,106,0,0,0,1,0,0,0,33,1.0,0,1.0
3000,3,123,1,0,0,0,0,0,0,37,0.0,1,1.0
2000,3,136,1,0,0,0,0,0,0,37,1.0,1,1.0
1000,3,149,1,0,0,0,0,0,1,16,1.0,1,0.0
1500,3,56,0,1,0,0,0,0,0,9,1.0,0,1.0
1500,4,107,0,0,0,1,0,0,0,12,1.0,1,1.0
4000,4,148,0,0,0,0,0,1,1,20,1.0,1,1.0
2000,3,75,0,0,0,1,0,0,0,6,1.0,1,1.0
3500,6,91,1,0,0,0,0,0,0,17,1.0,1,0.0
200,2,34,1,0,0,0,0,0,0,20,0.0,1,1.0
3800,5,25,0,0,0,0,1,0,1,6,1.0,0,1.0
1500,4,17,0,0,0,1,0,0,0,17,0.0,0,1.0
1000,3,30,0,0,0,0,0,1,0,11,1.0,1,1.0
4000,7,90,0,0,0,0,1,0,0,21,1.0,0,1.0
500,2,92,0,0,0,0,1,0,1,15,0.0,1,1.0
200,2,34,1,0,0,0,0,0,0,29,1.0,1,1.0
1600,4,104,0,0,0,1,0,0,0,15,1.0,1,0.0
1200,3,18,0,0,0,1,0,0,1,11,0.0,1,0.0
4000,4,37,0,0,0,0,1,0,0,10,1.0,1,1.0
300,2,26,0,0,0,0,1,0,0,12,1.0,0,1.0
3000,5,195,0,1,0,0,0,0,0,20,1.0,1,1.0
5000,5,125,1,0,0,0,0,0,0,24,0.0,1,1.0
3000,3,185,1,0,0,0,0,0,0,19,0.0,1,1.0
5900,7,108,0,1,0,0,0,0,1,16,1.0,1,1.0
4000,6,368,1,0,0,0,0,0,0,15,1.0,1,1.0
4362,6,72,0,0,0,0,1,0,0,6,1.0,1,0.0
3000,7,162,0,0,0,0,1,0,1,15,1.0,1,1.0
4000,6,208,1,0,0,0,0,0,1,23,0.0,1,1.0
6000,6,43,1,0,0,0,0,0,0,17,1.0,0,1.0
3500,4,110,0,1,0,0,0,0,0,10,0.0,0,1.0
6600,6,37,0,0,0,0,1,0,0,8,0.0,0,1.0
2000,6,112,1,0,0,0,0,0,1,9,0.0,1,1.0
6000,7,68,0,0,0,0,0,1,1,10,1.0,0,1.0
3800,6,302,0,0,1,0,0,0,0,13,1.0,1,1.0
2500,5,280,1,0,0,0,0,0,0,28,1.0,1,1.0
5000,8,420,0,0,1,0,0,0,1,17,0.0,1,0.0
2000,5,337,1,0,0,0,0,0,1,15,0.0,0,1.0
1000,9,571,1,0,0,0,0,0,0,28,1.0,1,1.0
5000,9,471,1,0,0,0,0,0,1,20,1.0,0,1.0
3000,9,190,0,0,0,0,0,1,0,15,1.0,1,1.0
4000,6,225,0,0,1,0,0,0,0,16,0.0,0,1.0
3600,8,137,1,0,0,0,0,0,0,10,0.0,1,1.0
1700,6,121,0,0,1,0,0,0,0,8,0.0,1,0.0
5000,6,395,1,0,0,0,0,0,0,14,0.0,1,0.0
2500,7,237,0,0,0,0,1,0,1,14,1.0,0,1.0
1400,2,97,0,0,0,1,0,0,0,21,1.0,1,1.0
2100,4,75,1,0,0,0,0,0,0,28,0.0,0,1.0
4000,8,367,0,0,0,1,0,0,0,13,1.0,1,1.0
1800,7,115,0,0,0,0,1,0,0,19,1.0,0,1.0
3000,5,272,1,0,0,0,0,0,1,12,0.0,1,1.0
5000,9,146,1,0,0,0,0,0,0,9,0.0,0,1.0
6000,9,279,1,0,0,0,0,0,1,39,0.0,1,1.0
3500,5,199,1,0,0,0,0,0,1,22,0.0,0,1.0
6700,7,460,1,0,0,0,0,0,1,39,0.0,0,1.0
2000,6,272,1,0,0,0,0,0,0,20,1.0,0,1.0
3100,9,197,0,0,0,1,0,0,1,26,1.0,0,1.0
4500,1,142,1,0,0,0,0,0,1,20,0.0,1,1.0
4000,7,249,1,0,0,0,0,0,1,17,1.0,0,1.0
2000,9,116,0,0,0,1,0,0,1,15,1.0,1,1.0
2500,8,102,0,0,1,0,0,0,1,12,1.0,1,1.0
4500,7,83,0,0,0,0,1,0,0,30,1.0,0,1.0
6000,8,119,0,0,0,0,1,0,0,20,1.0,1,0.0
3200,5,121,0,0,1,0,0,0,1,23,1.0,1,1.0
2000,8,76,0,0,0,0,1,0,0,15,1.0,0,1.0
1308,5,129,1,0,0,0,0,0,0,16,0.0,0,1.0
2000,5,236,0,0,0,1,0,0,0,13,0.0,1,1.0
1000,5,21,1,0,0,0,0,0,0,14,0.0,0,1.0
3000,3,717,0,0,0,1,0,0,0,24,1.0,0,1.0
2000,5,76,0,0,0,1,0,0,0,8,0.0,1,1.0
2000,4,385,0,1,0,0,0,0,0,16,0.0,1,1.0
2000,7,307,0,0,0,1,0,0,1,10,0.0,1,1.0
2100,2,115,0,0,0,1,0,0,1,22,1.0,1,1.0
2000,4,97,1,0,0,0,0,0,0,10,1.0,1,0.0
2000,5,85,1,0,0,0,0,0,0,17,1.0,1,1.0
1500,5,198,0,0,0,0,0,1,0,10,1.0,1,1.0
2000,5,104,0,0,0,0,0,1,0,14,1.0,0,1.0
1000,4,229,1,0,0,0,0,0,0,16,0.0,1,1.0
1500,4,110,0,0,0,0,1,0,0,8,1.0,1,1.0
1300,3,85,0,0,0,1,0,0,0,11,1.0,1,1.0
2200,4,214,0,0,1,0,0,0,1,11,0.0,0,1.0
1500,3,128,0,0,0,1,0,0,0,19,1.0,1,1.0
1000,2,13,0,0,0,0,0,0,0,5,1.0,1,1.0
2000,3,297,1,0,0,0,0,0,0,14,0.0,1,1.0
2000,1,107,1,0,0,0,0,0,0,11,1.0,0,1.0
1400,4,86,0,0,0,1,0,0,0,19,1.0,1,0.0
2200,5,142,0,0,1,0,0,0,1,11,1.0,1,0.0
3000,5,64,0,0,0,0,1,0,1,14,0.0,0,1.0
500,3,67,0,0,0,1,0,0,1,37,1.0,1,1.0
1400,4,185,0,0,1,0,0,0,1,19,1.0,1,0.0
2000,5,103,0,0,0,1,0,0,0,15,1.0,1,1.0
2000,4,134,1,0,0,0,0,0,0,13,1.0,1,1.0
1500,4,95,0,0,1,0,0,0,0,14,0.0,1,1.0
3000,5,56,0,0,0,0,0,1,0,9,0.0,0,1.0
1200,3,7,0,0,0,1,0,0,1,12,0.0,0,1.0
1500,5,529,0,0,1,0,0,0,1,7,0.0,1,0.0
1000,5,92,0,0,0,1,0,0,0,11,1.0,1,1.0
2000,4,40,0,0,0,0,1,0,0,9,1.0,1,0.0
2200,5,39,0,0,1,0,0,0,1,17,0.0,1,0.0
2000,4,107,0,0,0,1,0,0,0,25,1.0,1,1.0
800,6,40,0,0,0,0,1,0,1,16,1.0,1,1.0
2300,5,63,1,0,0,0,0,0,0,13,1.0,1,1.0
2000,3,81,0,0,0,0,1,0,0,28,1.0,1,1.0
3000,6,26,0,1,0,0,0,0,1,19,1.0,1,1.0
800,3,40,0,0,0,0,0,1,0,18,1.0,0,1.0
3000,5,22,0,0,1,0,0,0,0,7,1.0,1,1.0
2024,3,30,1,0,0,0,0,0,1,9,1.0,1,1.0
2000,3,100,0,0,0,0,1,0,0,15,1.0,0,1.0
1200,5,8,0,0,0,0,0,1,0,15,0.0,1,0.0
5000,2,26,1,0,0,0,0,0,0,23,0.0,1,1.0
2000,6,248,1,0,0,0,0,0,0,13,0.0,1,1.0
3500,1,536,0,0,0,0,0,1,0,20,1.0,1,1.0
2606,8,371,0,0,0,0,0,1,1,14,1.0,1,1.0
400,2,19,0,0,0,0,1,0,0,9,0.0,0,1.0
866,2,193,0,1,0,0,0,0,1,14,0.0,0,1.0
1200,3,48,0,0,0,1,0,0,1,9,1.0,1,1.0
2300,8,483,0,1,0,0,0,0,0,32,1.0,1,1.0
2150,7,221,1,0,0,0,0,0,0,24,1.0,1,0.0
3200,7,296,0,0,0,1,0,0,0,14,1.0,1,0.0
3500,4,294,0,0,1,0,0,0,1,15,1.0,1,1.0
2500,7,152,0,0,0,0,0,1,0,19,1.0,1,1.0
3000,7,276,1,0,0,0,0,0,0,9,0.0,1,1.0
5000,7,254,0,0,1,0,0,0,0,8,1.0,1,0.0
6000,5,372,0,0,0,0,0,1,0,11,0.0,0,1.0
1000,7,338,1,0,0,0,0,0,0,17,0.0,1,1.0
3000,7,392,1,0,0,0,0,0,0,25,0.0,0,1.0
1800,7,77,0,0,0,0,0,1,0,19,0.0,1,1.0
4500,5,160,0,0,0,0,1,0,1,30,0.0,1,1.0
1879,8,209,0,0,0,0,1,0,1,20,0.0,0,1.0
1000,5,43,0,0,1,0,0,0,1,18,0.0,1,1.0
3000,5,160,0,1,0,0,0,0,0,23,0.0,1,1.0
1500,2,406,0,0,0,0,1,0,0,13,0.0,1,1.0
500,2,153,0,0,1,0,0,0,1,9,1.0,0,1.0
600,2,10,0,0,1,0,0,0,1,15,1.0,0,1.0
2800,5,446,0,0,1,0,0,0,0,25,1.0,0,1.0
1000,2,340,1,0,0,0,0,0,0,7,0.0,1,1.0
500,2,272,0,0,1,0,0,0,0,29,1.0,0,1.0
1600,3,180,0,0,0,1,0,0,1,20,1.0,1,1.0
3000,3,181,1,0,0,0,0,0,1,8,1.0,1,1.0
7000,4,227,0,0,0,1,0,0,0,9,1.0,1,1.0
2000,3,189,0,0,0,0,1,0,0,18,0.0,1,1.0
3000,4,66,0,1,0,0,0,0,1,10,1.0,0,1.0
5000,5,151,0,0,1,0,0,0,0,11,1.0,1,1.0
3000,3,139,0,0,0,0,1,0,1,12,1.0,0,1.0
2556,3,68,0,0,0,0,0,1,1,14,1.0,1,1.0
3000,4,80,0,0,0,1,0,0,0,20,1.0,0,1.0
5000,6,93,0,0,0,0,1,0,1,7,1.0,0,1.0
4000,7,97,0,1,0,0,0,0,0,9,1.0,1,1.0
7500,7,101,0,1,0,0,0,0,0,11,1.0,1,1.0
4000,6,142,0,0,0,0,1,0,1,6,1.0,1,1.0
1000,2,87,0,0,1,0,0,0,0,11,0.0,1,1.0
2000,4,58,0,1,0,0,0,0,0,9,1.0,1,1.0
1300,2,113,0,0,0,1,0,0,1,5,1.0,0,1.0
3000,1,13,0,0,0,0,0,1,0,12,0.0,0,1.0
600,1,99,0,1,0,0,0,0,0,13,1.0,1,1.0
2000,2,9,0,0,1,0,0,0,1,11,1.0,0,1.0
1500,2,128,1,0,0,0,0,0,0,26,1.0,0,1.0
700,1,43,1,0,0,0,0,0,1,37,0.0,1,1.0
200,1,42,0,0,0,0,1,0,1,9,0.0,1,1.0
1800,6,85,0,0,0,0,0,1,0,6,1.0,1,1.0
800,3,44,0,0,0,0,0,1,1,15,1.0,1,1.0
1500,2,60,0,0,0,0,0,1,0,27,1.0,1,0.0
800,1,143,0,0,0,0,1,0,1,19,0.0,0,1.0
2500,3,33,0,0,1,0,0,0,0,8,1.0,1,1.0
600,8,16,0,0,0,1,0,0,0,8,1.0,1,1.0
3000,3,57,0,0,0,0,1,0,0,19,1.0,1,1.0
1199,2,16,1,0,0,0,0,0,1,10,1.0,0,1.0
500,6,134,1,0,0,0,0,0,0,5,0.0,0,1.0
500,2,48,0,0,0,1,0,0,1,9,0.0,1,1.0
750,3,70,0,1,0,0,0,0,0,5,1.0,0,1.0
1500,2,37,0,0,0,0,0,1,1,7,1.0,0,1.0
2500,3,89,0,0,0,0,0,1,0,21,1.0,1,1.0
1000,4,39,0,0,0,1,0,0,1,17,0.0,1,0.0
2500,3,40,0,0,0,0,1,0,0,5,1.0,0,1.0
3000,5,24,0,0,1,0,0,0,0,10,1.0,1,1.0
200,1,62,0,1,0,0,0,0,1,21,1.0,0,1.0
300,2,21,0,0,0,0,1,0,0,22,1.0,1,1.0
5000,2,38,0,0,0,0,0,1,1,14,1.0,1,1.0
2500,3,31,1,0,0,0,0,0,0,30,0.0,0,1.0
1000,1,30,0,0,0,1,0,0,1,26,1.0,1,1.0
1000,2,47,0,0,0,1,0,0,1,13,0.0,1,0.0
600,1,19,0,1,0,0,0,0,0,8,0.0,0,1.0
17000,4,55,0,0,0,1,0,0,0,19,0.0,0,1.0
2500,6,349,1,0,0,0,0,0,0,11,0.0,1,1.0
499,1,95,0,0,1,0,0,0,0,19,0.0,0,1.0
1700,3,85,0,0,0,0,1,0,0,4,0.0,1,1.0
1697,4,682,0,0,0,0,1,0,0,15,0.0,1,0.0
7000,5,681,1,0,0,0,0,0,0,12,0.0,0,1.0
2500,5,624,0,0,0,0,0,1,0,19,1.0,1,1.0
3000,7,228,0,0,0,1,0,0,1,20,0.0,1,1.0
3000,9,197,0,1,0,0,0,0,0,11,1.0,0,1.0
5000,5,149,0,0,0,1,0,0,0,23,1.0,1,1.0
5000,5,510,1,0,0,0,0,0,0,16,1.0,1,1.0
3000,4,176,1,0,0,0,0,0,0,38,0.0,0,1.0
3000,3,232,1,0,0,0,0,0,0,12,0.0,1,1.0
3000,5,195,0,1,0,0,0,0,0,20,1.0,1,1.0
2000,5,338,0,0,0,1,0,0,0,21,0.0,1,1.0
3200,6,259,0,0,0,0,1,0,0,19,1.0,0,1.0
200,2,731,0,0,0,0,1,0,0,7,0.0,0,1.0
1000,2,0,0,0,1,0,0,0,0,30,0.0,0,1.0
3000,6,77,0,0,0,0,0,1,0,18,0.0,1,1.0
1000,3,32,0,0,1,0,0,0,1,21,0.0,0,1.0
1200,3,84,0,0,1,0,0,0,0,20,1.0,0,1.0
6000,6,68,0,0,0,1,0,0,0,10,1.0,0,1.0
14000,8,161,1,0,0,0,0,0,1,11,0.0,1,1.0
200,2,235,0,0,0,0,1,0,1,10,0.0,0,1.0
3000,5,91,1,0,0,0,0,0,0,10,1.0,0,1.0
3080,7,107,0,0,0,1,0,0,0,16,1.0,0,1.0
4000,7,457,0,0,1,0,0,0,0,19,1.0,0,1.0
2800,7,194,0,0,0,1,0,0,0,20,1.0,1,1.0
2800,4,210,0,0,0,0,0,1,0,10,1.0,0,1.0
500,1,58,1,0,0,0,0,0,0,39,0.0,0,1.0
1000,4,284,0,0,0,0,1,0,0,8,0.0,0,1.0
4000,7,200,0,0,0,0,1,0,1,30,0.0,0,1.0
2700,7,185,0,0,1,0,0,0,0,20,1.0,0,1.0
2000,4,157,1,0,0,0,0,0,1,19,1.0,0,1.0
2500,7,47,1,0,0,0,0,0,0,19,1.0,1,1.0
4000,9,255,1,0,0,0,0,0,1,4,0.0,1,1.0
3000,2,41,0,1,0,0,0,0,1,15,1.0,0,1.0
3000,9,241,0,0,1,0,0,0,0,17,1.0,1,0.0
2300,4,248,1,0,0,0,0,0,0,12,1.0,1,0.0
2200,4,86,0,0,1,0,0,0,0,16,0.0,1,1.0
1200,2,269,0,1,0,0,0,0,1,29,0.0,1,1.0
1800,3,199,1,0,0,0,0,0,0,23,0.0,1,1.0
1000,2,108,0,0,0,0,1,0,1,15,1.0,1,1.0
1200,3,446,0,0,0,0,1,0,0,18,1.0,0,1.0
1000,2,237,1,0,0,0,0,0,1,18,0.0,1,1.0
1800,4,376,0,0,1,0,0,0,1,21,0.0,1,1.0
1500,3,344,0,0,0,0,0,1,0,18,0.0,1,1.0
800,2,111,0,0,0,0,1,0,1,19,0.0,1,1.0
1920,5,247,1,0,0,0,0,0,0,13,1.0,1,1.0
700,2,101,0,0,0,1,0,0,1,10,0.0,0,1.0
1000,4,229,1,0,0,0,0,0,0,20,0.0,1,1.0
5000,3,378,0,0,0,0,1,0,0,15,0.0,1,1.0
800,2,291,0,0,0,1,0,0,1,21,1.0,1,1.0
800,5,204,0,0,0,1,0,0,1,12,0.0,1,1.0
2200,4,141,0,1,0,0,0,0,1,14,0.0,0,1.0
200,1,51,0,0,0,0,1,0,0,4,0.0,0,1.0
600,3,91,0,1,0,0,0,0,0,13,0.0,0,1.0
3000,3,211,1,0,0,0,0,0,1,11,0.0,0,1.0
1299,3,368,0,0,0,0,1,0,1,16,0.0,0,1.0
1000,3,64,0,0,0,1,0,0,0,15,1.0,1,1.0
2000,4,55,0,0,0,1,0,0,0,14,1.0,1,0.0
500,3,42,0,0,0,0,0,1,0,19,0.0,1,1.0
2000,3,122,0,0,0,1,0,0,0,13,1.0,1,0.0
1500,3,110,0,0,0,0,1,0,0,20,0.0,1,1.0
2000,3,222,1,0,0,0,0,0,1,20,0.0,1,1.0
1000,3,203,0,0,1,0,0,0,0,13,0.0,0,1.0
5000,3,156,1,0,0,0,0,0,0,14,0.0,1,0.0
1500,6,93,0,0,0,0,1,0,0,15,1.0,1,0.0
6500,7,19,0,1,0,0,0,0,1,12,0.0,1,0.0
1000,3,17,0,0,0,0,1,0,0,12,1.0,1,1.0
400,1,27,0,0,0,0,0,1,0,18,0.0,1,1.0
1000,3,108,0,1,0,0,0,0,0,12,0.0,1,1.0
700,2,48,1,0,0,0,0,0,0,17,0.0,1,0.0
500,2,44,0,0,0,0,1,0,1,16,1.0,0,1.0
970,3,38,0,1,0,0,0,0,0,19,0.0,0,1.0
800,2,61,1,0,0,0,0,0,1,13,1.0,1,1.0
1000,3,24,0,1,0,0,0,0,0,9,1.0,0,1.0
800,3,51,0,0,0,0,0,1,1,10,0.0,0,1.0
1500,3,114,0,0,0,0,1,0,0,29,1.0,1,1.0
619,2,23,0,1,0,0,0,0,1,16,1.0,0,1.0
8500,6,59,0,0,0,1,0,0,0,17,0.0,0,1.0
1000,3,14,0,0,0,1,0,0,0,10,0.0,0,1.0
1200,3,59,1,0,0,0,0,0,0,15,1.0,0,1.0
500,1,17,1,0,0,0,0,0,0,12,0.0,1,1.0
2000,4,70,1,0,0,0,0,0,0,13,0.0,1,1.0
1500,3,28,0,0,1,0,0,0,1,6,0.0,1,0.0
1000,3,28,0,0,0,1,0,0,0,17,0.0,1,1.0
500,2,59,0,1,0,0,0,0,0,9,0.0,1,1.0
600,2,49,1,0,0,0,0,0,1,3,0.0,0,1.0
500,2,5,0,0,0,0,0,1,1,11,1.0,0,1.0
300,2,33,0,0,0,0,0,1,0,18,1.0,0,1.0
2500,8,773,0,0,0,0,1,0,0,13,1.0,1,1.0
1000,2,44,0,0,0,0,1,0,1,12,0.0,0,1.0
2400,6,313,0,0,0,0,1,0,1,6,1.0,0,1.0
1000,4,284,0,0,0,0,1,0,0,8,0.0,0,1.0
4000,4,77,0,0,0,0,0,1,0,10,0.0,1,1.0
4000,7,178,0,0,0,1,0,0,1,12,0.0,1,1.0
2000,4,56,1,0,0,0,0,0,1,18,1.0,1,1.0
1000,2,57,1,0,0,0,0,0,1,16,0.0,1,1.0
5000,4,126,0,0,1,0,0,0,0,12,1.0,0,1.0
6000,7,790,1,0,0,0,0,0,1,24,0.0,1,1.0
3080,7,107,0,0,0,1,0,0,0,16,1.0,0,1.0
2068,5,126,1,0,0,0,0,0,1,20,0.0,1,0.0
4000,6,287,0,1,0,0,0,0,0,9,0.0,0,1.0
5000,5,149,0,0,0,1,0,0,0,23,1.0,1,1.0
5000,5,227,0,0,1,0,0,0,0,11,0.0,1,1.0
2300,4,248,1,0,0,0,0,0,0,12,1.0,1,0.0
3000,3,71,0,0,0,0,0,1,1,15,1.0,0,1.0
1000,2,120,1,0,0,0,0,0,1,14,0.0,1,0.0
2500,3,105,0,0,0,0,1,0,0,14,1.0,0,1.0
2500,5,624,0,0,0,0,0,1,0,19,1.0,1,1.0
1000,3,103,0,1,0,0,0,0,0,13,0.0,0,1.0
2500,8,194,0,0,0,0,1,0,0,3,1.0,0,1.0
3000,1,523,0,0,0,1,0,0,0,20,0.0,0,1.0
2800,7,194,0,0,0,1,0,0,0,20,1.0,1,1.0
916,6,141,0,0,0,0,1,0,1,7,1.0,1,0.0
2000,3,242,1,0,0,0,0,0,1,16,1.0,1,1.0
1000,7,338,1,0,0,0,0,0,0,17,0.0,1,1.0
500,1,58,1,0,0,0,0,0,0,39,0.0,0,1.0
5000,8,278,0,1,0,0,0,0,1,30,0.0,1,1.0
1500,4,429,1,0,0,0,0,0,0,18,1.0,1,1.0
3000,3,306,1,0,0,0,0,0,0,9,1.0,1,1.0
600,3,236,0,0,0,1,0,0,0,18,0.0,0,1.0
2700,7,185,0,0,1,0,0,0,0,20,1.0,0,1.0
2500,6,349,1,0,0,0,0,0,0,11,0.0,1,1.0
4000,9,255,1,0,0,0,0,0,1,4,0.0,1,1.0
3000,7,279,0,0,0,1,0,0,0,14,1.0,0,1.0
3200,6,259,0,0,0,0,1,0,0,19,1.0,0,1.0
600,2,196,0,0,1,0,0,0,1,14,0.0,0,1.0
2500,7,47,1,0,0,0,0,0,0,19,1.0,1,1.0
2500,8,236,1,0,0,0,0,0,0,25,1.0,1,1.0
3000,5,91,0,0,0,0,0,1,0,12,1.0,0,1.0
2200,4,86,0,0,1,0,0,0,0,16,0.0,1,1.0
1500,3,204,1,0,0,0,0,0,0,17,0.0,1,1.0
1500,2,150,0,1,0,0,0,0,0,20,0.0,1,1.0
3000,6,77,0,0,0,0,0,1,0,18,0.0,1,1.0
1000,3,32,0,0,1,0,0,0,1,21,0.0,0,1.0
3000,8,268,0,0,1,0,0,0,1,11,1.0,1,0.0
1000,3,123,1,0,0,0,0,0,0,13,0.0,1,1.0
3500,5,182,0,0,1,0,0,0,1,14,1.0,1,1.0
3000,5,186,1,0,0,0,0,0,0,16,1.0,0,1.0
1500,2,191,0,0,0,1,0,0,0,22,1.0,1,1.0
2000,2,321,1,0,0,0,0,0,0,17,1.0,1,1.0
850,4,135,0,0,0,0,1,0,0,18,1.0,1,1.0
2000,5,177,0,0,0,1,0,0,0,10,0.0,0,1.0
1000,4,114,1,0,0,0,0,0,0,12,0.0,1,1.0
1800,4,142,0,0,0,0,0,1,1,12,0.0,1,1.0
1500,3,115,0,0,1,0,0,0,1,8,1.0,1,1.0
3000,5,59,0,1,0,0,0,0,0,8,1.0,0,1.0
1000,5,70,0,0,0,0,0,0,0,39,1.0,1,1.0
1500,2,113,0,0,0,0,1,0,1,13,0.0,1,1.0
1200,1,86,1,0,0,0,0,0,0,16,0.0,1,1.0
3000,3,49,0,0,0,0,1,0,0,9,1.0,1,1.0
2000,2,103,1,0,0,0,0,0,1,19,0.0,1,1.0
1600,5,75,0,0,0,1,0,0,1,6,1.0,0,1.0
1500,2,201,0,0,0,0,0,1,1,19,1.0,1,1.0
400,5,77,1,0,0,0,0,0,0,6,0.0,1,0.0
750,3,119,0,0,0,0,0,1,1,9,1.0,1,1.0
1000,5,70,0,0,0,0,1,0,0,15,0.0,1,1.0
1000,3,55,1,0,0,0,0,0,0,20,1.0,1,0.0
1300,3,73,0,0,0,1,0,0,1,6,1.0,1,1.0
1500,3,43,0,0,0,1,0,0,0,17,0.0,1,1.0
170,1,40,0,0,0,0,0,1,0,7,1.0,1,1.0
300,1,38,0,0,0,1,0,0,0,5,0.0,0,1.0
357,3,25,0,0,0,0,1,0,1,29,0.0,1,1.0
260,1,24,0,0,1,0,0,0,1,12,0.0,0,1.0
500,2,35,0,0,0,1,0,0,1,5,1.0,1,1.0
400,2,30,1,0,0,0,0,0,0,22,0.0,0,1.0
230,3,114,0,0,0,1,0,0,1,13,1.0,1,1.0
120,1,23,0,0,1,0,0,0,0,3,1.0,1,1.0
128,1,9,1,0,0,0,0,0,1,8,0.0,1,0.0
500,1,230,1,0,0,0,0,0,1,12,0.0,1,1.0
2700,5,42,0,0,0,0,0,1,1,5,1.0,1,1.0
4500,9,1052,0,0,0,0,1,0,1,39,1.0,0,1.0
916,6,141,0,0,0,0,1,0,1,7,1.0,1,0.0
1600,7,205,0,0,0,0,1,0,0,7,0.0,0,1.0
4000,7,222,1,0,0,0,0,0,0,20,0.0,1,1.0
4000,7,400,0,0,0,0,1,0,0,19,1.0,1,1.0
1700,4,196,0,0,0,1,0,0,0,20,0.0,1,1.0
3000,5,101,0,0,0,0,0,1,1,20,0.0,0,1.0
2500,8,236,1,0,0,0,0,0,0,25,1.0,1,1.0
3000,9,241,0,0,1,0,0,0,0,17,1.0,1,0.0
3000,8,268,0,0,1,0,0,0,1,11,1.0,1,0.0
1500,3,334,0,0,0,0,1,0,0,24,0.0,0,1.0
300,2,90,0,0,1,0,0,0,0,27,0.0,0,1.0
200,6,62,0,0,0,0,1,0,1,14,0.0,1,1.0
5000,8,41,1,0,0,0,0,0,0,15,0.0,0,1.0
2000,3,103,1,0,0,0,0,0,1,15,0.0,0,1.0
700,2,257,1,0,0,0,0,0,1,23,0.0,1,1.0
1000,2,148,1,0,0,0,0,0,1,13,0.0,1,1.0
500,2,77,0,0,0,0,1,0,1,19,0.0,1,1.0
1000,2,32,1,0,0,0,0,0,0,19,1.0,0,1.0
1750,4,60,0,0,0,1,0,0,0,7,0.0,1,1.0
200,2,82,0,0,0,0,1,0,0,12,0.0,0,1.0
200,1,9,1,0,0,0,0,0,1,18,1.0,0,1.0
350,1,17,0,0,0,0,1,0,1,13,1.0,0,1.0
4850,9,617,1,0,0,0,0,0,1,37,1.0,0,1.0
2000,8,672,0,0,0,0,1,0,0,28,0.0,1,1.0
