read_num_transformed,per_cost,travel_days,photo_num,person_num_三五好友,person_num_亲子,person_num_家庭,person_num_情侣,person_num_独自一人,person_num_闺蜜,is_weekend,title_length,playmode1,playmode2
461000.0,3500,4,180,1,0,0,0,0,0,0,8,1,1.0
31000.0,2000,4,506,1,0,0,0,0,0,0,11,1,1.0
35000.0,3000,7,215,1,0,0,0,0,0,0,11,1,0.0
11000.0,3000,4,140,1,0,0,0,0,0,0,15,0,1.0
19000.0,3500,5,105,1,0,0,0,0,0,0,19,1,1.0
6517.0,3000,6,365,0,0,0,0,0,1,0,9,0,1.0
7640.0,2500,7,136,0,0,0,0,1,0,0,10,0,1.0
3244.0,2600,4,151,0,0,0,1,0,0,0,7,1,0.0
6332.0,700,3,104,0,0,0,0,1,0,1,8,0,1.0
32000.0,3000,4,166,1,0,0,0,0,0,0,11,1,0.0
12000.0,1200,3,96,0,0,0,0,0,1,0,13,1,1.0
2252.0,700,4,57,0,0,0,0,0,1,0,9,1,1.0
6819.0,1400,5,55,0,0,0,1,0,0,0,19,0,1.0
5081.0,2500,4,65,0,0,1,0,0,0,0,20,1,1.0
18000.0,4000,5,68,0,1,0,0,0,0,0,14,1,0.0
13000.0,3300,7,96,0,0,0,0,0,1,0,14,1,0.0
3313.0,2000,5,124,0,0,0,0,0,1,1,5,0,1.0
12000.0,2000,5,96,0,0,0,1,0,0,0,20,1,1.0
7002.0,2700,4,87,0,0,0,1,0,0,0,13,1,0.0
4383.0,4500,6,186,1,0,0,0,0,0,0,9,1,0.0
4637.0,1500,4,65,1,0,0,0,0,0,0,10,1,0.0
15000.0,500,5,79,1,0,0,0,0,0,0,10,1,1.0
6488.0,2300,3,55,0,0,0,0,0,1,0,9,0,1.0
3134.0,3563,7,95,1,0,0,0,0,0,0,9,1,1.0
4707.0,1600,4,67,0,0,0,0,0,1,0,7,1,0.0
3799.0,3200,3,80,0,0,0,0,1,0,0,5,1,1.0
2638.0,1500,4,62,0,0,1,0,0,0,1,10,1,0.0
4479.0,1400,3,40,0,0,0,1,0,0,0,19,1,0.0
9742.0,1000,2,55,0,0,0,1,0,0,1,12,1,1.0
4013.0,1500,4,148,0,1,0,0,0,0,1,10,0,1.0
1948.0,1700,5,43,0,0,0,0,1,0,0,13,1,1.0
2438.0,2200,4,100,1,0,0,0,0,0,0,8,1,1.0
3521.0,1709,5,117,0,0,0,0,1,0,0,7,1,0.0
4600.0,1800,5,94,0,0,1,0,0,0,0,18,1,1.0
1926.0,2000,5,14,0,0,0,0,0,1,1,5,0,1.0
2544.0,1600,4,127,0,0,0,0,1,0,1,11,1,0.0
2755.0,3000,4,23,0,0,0,1,0,0,1,5,0,1.0
3356.0,1400,4,74,0,0,0,0,1,0,0,4,1,1.0
8336.0,300,1,57,1,0,0,0,0,0,1,16,1,1.0
4310.0,2000,1,84,1,0,0,0,0,0,0,11,1,0.0
4772.0,2000,3,55,0,0,1,0,0,0,1,14,0,1.0
1914.0,4000,6,267,0,0,0,0,1,0,1,5,0,1.0
4491.0,3000,4,75,0,0,1,0,0,0,0,11,0,1.0
3531.0,1500,3,52,0,0,1,0,0,0,1,8,1,1.0
6229.0,1500,5,5,0,0,1,0,0,0,0,10,1,1.0
69000.0,1000,2,58,0,0,0,1,0,0,1,18,1,1.0
2784.0,6300,4,51,1,0,0,0,0,0,0,15,0,1.0
7810.0,3300,4,54,0,0,0,0,0,1,0,16,1,1.0
2356.0,500,1,72,0,0,0,0,1,0,0,8,1,1.0
1928.0,1700,5,33,0,0,0,1,0,0,0,5,1,0.0
3250.0,3500,6,10,0,0,0,1,0,0,0,9,1,1.0
1931.0,2000,2,11,0,0,0,1,0,0,0,13,1,1.0
6520.0,1500,2,16,0,0,0,0,1,0,0,11,0,1.0
3088.0,2000,5,107,0,0,1,0,0,0,0,6,0,1.0
1998.0,1588,4,138,0,0,0,0,0,1,1,5,1,1.0
3095.0,3000,5,27,1,0,0,0,0,0,1,16,1,1.0
4041.0,1500,5,46,0,1,0,0,0,0,1,5,1,1.0
2974.0,1200,3,25,0,0,0,0,1,0,0,9,0,1.0
3548.0,2000,4,39,0,0,0,1,0,0,1,13,0,1.0
1844.0,4000,5,2,1,0,0,0,0,0,0,4,0,1.0
3604.0,3000,4,12,0,0,0,0,0,1,0,19,1,1.0
793.0,1300,3,115,0,1,0,0,0,0,1,22,1,1.0
3952.0,1000,3,38,1,0,0,0,0,0,0,14,0,1.0
3531.0,1182,4,87,0,0,0,1,0,0,0,17,1,1.0
7951.0,2000,2,15,0,0,0,0,1,0,0,12,1,0.0
2712.0,2500,5,30,0,0,0,0,0,1,0,7,1,1.0
2252.0,1300,5,39,0,0,0,1,0,0,0,11,1,1.0
7896.0,400,2,20,0,0,0,1,0,0,0,16,0,1.0
3089.0,4500,5,47,0,0,0,0,0,1,0,12,1,1.0
2211.0,1500,6,58,0,0,0,0,1,0,0,15,1,0.0
1572.0,1500,3,17,0,0,0,0,1,0,0,12,1,0.0
1585.0,1800,4,14,0,0,1,0,0,0,0,13,1,1.0
2415.0,2500,4,62,0,1,0,0,0,0,0,8,1,0.0
2065.0,1450,4,39,0,0,1,0,0,0,0,19,0,1.0
2177.0,2300,6,87,0,0,0,0,0,1,0,9,0,1.0
2006.0,2400,5,55,0,0,0,1,0,0,0,6,1,1.0
3381.0,2500,3,45,1,0,0,0,0,0,0,12,1,1.0
2815.0,1500,3,44,0,0,0,0,1,0,0,10,1,1.0
2868.0,3100,5,83,0,0,0,0,0,1,0,5,1,1.0
2178.0,2100,5,39,0,0,0,1,0,0,1,7,0,1.0
3552.0,1400,4,50,0,0,0,0,0,1,0,11,1,0.0
5726.0,600,3,24,0,1,0,0,0,0,0,18,0,1.0
5453.0,1500,3,52,0,0,0,0,0,1,0,8,0,1.0
1885.0,4309,6,19,0,0,1,0,0,0,1,11,1,1.0
2608.0,2200,3,48,0,0,1,0,0,0,0,9,1,1.0
1327.0,1600,4,42,1,0,0,0,0,0,1,15,1,0.0
3773.0,1500,2,27,1,0,0,0,0,0,0,11,0,1.0
2470.0,1100,4,18,1,0,0,0,0,0,0,7,0,1.0
2234.0,2500,2,10,0,0,1,0,0,0,0,15,1,0.0
1205.0,1500,0,17,0,0,0,0,1,0,0,10,1,1.0
1552.0,4000,6,0,0,0,1,0,0,0,0,12,1,1.0
2723.0,2000,1,57,0,0,0,0,1,0,1,9,1,0.0
1398.0,700,3,14,0,0,0,1,0,0,0,13,0,1.0
4905.0,853,3,24,1,0,0,0,0,0,1,18,0,1.0
6740.0,1500,4,25,0,0,0,1,0,0,0,7,1,0.0
1632.0,1000,3,13,0,0,0,1,0,0,0,5,0,1.0
1441.0,4000,4,32,0,0,0,1,0,0,0,5,0,1.0
3242.0,1800,4,26,0,0,0,1,0,0,1,11,0,1.0
804.0,3218,3,3,0,0,0,0,0,1,0,8,1,0.0
1058.0,700,1,1,0,0,0,0,1,0,0,10,0,1.0
1169.0,900,4,5,0,0,0,0,1,0,0,16,1,0.0
1266.0,4000,4,11,0,0,0,0,0,1,0,5,1,0.0
5399.0,2000,3,10,0,0,0,0,1,0,0,7,1,0.0
1734.0,1500,2,13,0,0,0,0,1,0,0,20,1,0.0
20000.0,1500,3,13,0,0,0,0,1,0,0,13,1,0.0
7613.0,1500,3,15,0,0,0,0,1,0,0,10,1,1.0
1231.0,3500,4,49,1,0,0,0,0,0,0,11,0,1.0
3816.0,300,1,19,1,0,0,0,0,0,0,8,0,1.0
4031.0,1104,5,0,0,1,0,0,0,0,0,10,0,1.0
1681.0,1500,0,0,1,0,0,0,0,0,0,8,0,1.0
1811.0,1500,3,17,0,0,0,0,1,0,0,11,1,1.0
12000.0,3500,4,294,0,0,1,0,0,0,1,15,1,1.0
891.0,1000,4,10,0,0,0,0,0,1,1,4,0,1.0
4875.0,1800,5,518,0,0,0,0,0,1,0,16,1,1.0
5109.0,800,3,27,0,0,0,1,0,0,0,13,1,1.0
28000.0,3500,5,163,1,0,0,0,0,0,0,13,1,1.0
2356.0,2000,3,18,0,0,0,0,1,0,0,18,1,0.0
3069.0,2581,6,43,0,0,1,0,0,0,0,8,0,1.0
77000.0,8000,6,502,0,0,0,0,1,0,0,15,1,1.0
58000.0,5000,8,349,0,1,0,0,0,0,0,13,0,1.0
20000.0,5000,3,218,0,0,1,0,0,0,0,11,1,1.0
6928.0,4200,8,237,0,0,0,0,1,0,0,20,1,0.0
6159.0,3000,3,184,0,0,1,0,0,0,1,23,1,1.0
3050.0,22500,4,285,0,0,0,1,0,0,0,18,0,1.0
14000.0,8000,8,217,0,0,1,0,0,0,1,20,1,1.0
7080.0,3500,7,236,0,1,0,0,0,0,0,12,1,1.0
23000.0,6000,3,207,1,0,0,0,0,0,1,11,1,1.0
23000.0,5000,4,323,0,1,0,0,0,0,0,19,0,1.0
23000.0,3000,8,268,0,1,0,0,0,0,0,19,1,1.0
7928.0,4750,5,133,0,0,0,1,0,0,0,20,1,1.0
7244.0,4000,5,180,0,0,0,1,0,0,0,12,0,1.0
19000.0,5000,5,143,0,0,1,0,0,0,0,18,0,1.0
3050.0,4000,5,52,0,0,0,1,0,0,0,11,1,1.0
6449.0,1000,0,60,1,0,0,0,0,0,1,5,1,1.0
4013.0,1700,6,98,0,0,1,0,0,0,1,19,0,1.0
2887.0,1700,6,234,0,0,0,1,0,0,0,10,1,1.0
6003.0,2800,7,101,0,1,0,0,0,0,0,19,1,1.0
23000.0,4500,7,56,0,0,1,0,0,0,1,13,1,0.0
5738.0,4500,7,61,0,0,1,0,0,0,1,19,1,1.0
14000.0,5300,5,127,0,0,0,0,1,0,1,20,0,1.0
4630.0,7000,4,148,1,0,0,0,0,0,1,15,1,1.0
4506.0,10000,7,108,0,1,0,0,0,0,0,19,0,1.0
2729.0,4600,7,54,0,0,0,0,0,1,1,9,0,1.0
8607.0,4000,7,239,1,0,0,0,0,0,1,30,1,1.0
14000.0,5000,4,202,1,0,0,0,0,0,0,10,1,0.0
7392.0,1300,4,21,0,1,0,0,0,0,0,10,0,1.0
26000.0,894,3,40,0,0,0,0,0,1,1,16,0,1.0
4496.0,3500,8,18,0,0,1,0,0,0,1,18,0,1.0
4150.0,3500,7,117,0,0,1,0,0,0,1,17,1,1.0
1916.0,3000,7,60,0,0,0,1,0,0,0,15,1,1.0
5861.0,5000,6,53,0,0,0,0,0,1,0,9,0,1.0
5143.0,3000,5,66,0,0,1,0,0,0,0,17,1,1.0
5322.0,3500,5,219,0,0,0,1,0,0,0,10,1,0.0
11000.0,3648,4,32,0,0,0,1,0,0,0,19,1,1.0
5151.0,1000,3,56,1,0,0,0,0,0,0,7,0,1.0
4408.0,5000,4,166,0,0,0,1,0,0,0,12,0,1.0
2587.0,4000,4,87,0,0,0,1,0,0,0,20,0,1.0
5708.0,4000,6,51,0,1,0,0,0,0,1,19,1,1.0
3682.0,3500,7,173,0,0,0,1,0,0,1,16,1,1.0
17000.0,1500,6,44,0,0,0,1,0,0,0,20,0,1.0
1611.0,4000,4,61,0,0,0,0,0,1,0,16,0,1.0
7175.0,120,1,89,1,0,0,0,0,0,1,16,1,0.0
5155.0,1300,3,39,0,0,0,1,0,0,0,15,0,1.0
2820.0,3000,5,179,0,0,0,0,0,1,1,3,0,1.0
4905.0,5000,6,96,0,0,0,1,0,0,1,2,0,1.0
3825.0,6500,5,125,0,0,0,1,0,0,0,15,1,1.0
2788.0,8000,6,159,0,0,0,1,0,0,0,7,0,1.0
2748.0,4500,6,52,0,0,0,1,0,0,0,20,0,1.0
1656.0,3000,5,33,0,0,1,0,0,0,1,13,0,1.0
3072.0,3750,4,34,0,0,0,1,0,0,0,20,0,1.0
1989.0,4600,3,63,1,0,0,0,0,0,0,20,1,0.0
19000.0,4600,5,54,0,0,0,0,0,1,1,7,1,0.0
5002.0,1000,2,84,1,0,0,0,0,0,0,15,0,1.0
4643.0,2200,2,25,1,0,0,0,0,0,1,11,0,1.0
5609.0,3000,3,118,0,0,0,0,1,0,1,7,0,1.0
122000.0,1500,4,43,0,1,0,0,0,0,0,20,1,1.0
36000.0,1500,7,119,0,1,0,0,0,0,0,4,1,1.0
2977.0,6000,5,66,0,0,0,1,0,0,0,7,1,1.0
2683.0,3500,5,73,0,0,0,1,0,0,1,15,1,1.0
1545.0,4500,8,20,0,1,0,0,0,0,1,17,1,0.0
1632.0,8000,2,20,0,0,0,1,0,0,0,11,0,1.0
1972.0,2800,5,55,0,0,0,0,1,0,1,20,1,1.0
1872.0,3500,6,81,0,0,0,0,0,1,1,19,1,1.0
1510.0,8000,2,38,0,0,0,1,0,0,0,14,0,1.0
1622.0,5000,2,84,0,0,0,0,0,1,0,10,0,1.0
2067.0,3000,4,70,0,0,1,0,0,0,0,18,0,1.0
3479.0,4000,5,85,0,1,0,0,0,0,0,20,0,1.0
3081.0,2800,6,75,0,0,0,1,0,0,0,10,0,1.0
2310.0,7000,7,50,0,0,0,0,0,1,0,20,0,1.0
3613.0,4000,5,72,0,0,0,1,0,0,1,9,0,1.0
2655.0,2000,6,40,0,0,0,1,0,0,1,19,0,1.0
1619.0,2200,4,34,0,0,0,1,0,0,0,4,1,0.0
5951.0,2000,4,76,0,0,0,1,0,0,0,8,0,1.0
7005.0,8500,4,107,0,0,0,0,0,1,0,7,1,1.0
2216.0,5000,6,30,1,0,0,0,0,0,0,4,1,0.0
2022.0,5000,5,44,1,0,0,0,0,0,0,19,0,1.0
2226.0,12000,6,38,0,0,0,1,0,0,0,14,0,1.0
2446.0,5000,6,23,0,1,0,0,0,0,0,16,0,1.0
3071.0,3000,3,28,1,0,0,0,0,0,0,15,1,0.0
1531.0,99999999,1,14,0,1,0,0,0,0,0,5,1,0.0
2227.0,6000,6,96,0,0,0,1,0,0,0,5,0,1.0
17000.0,5000,9,325,0,0,1,0,0,0,0,9,0,1.0
21000.0,4100,7,181,0,0,0,0,0,1,0,12,1,1.0
33000.0,2000,4,124,1,0,0,0,0,0,0,19,1,1.0
28000.0,2400,8,204,1,0,0,0,0,0,0,13,1,1.0
27000.0,4000,7,104,0,0,0,1,0,0,0,20,0,1.0
3686.0,4000,9,192,0,0,0,1,0,0,1,4,1,1.0
8203.0,1000,6,130,1,0,0,0,0,0,0,9,1,1.0
6385.0,3600,7,63,0,0,0,0,0,1,1,16,0,1.0
8631.0,2000,3,115,1,0,0,0,0,0,0,19,1,1.0
2572.0,2130,5,44,0,0,0,0,1,0,0,4,0,1.0
4589.0,6500,3,172,0,0,0,1,0,0,0,7,1,1.0
6547.0,5000,9,133,1,0,0,0,0,0,1,20,0,1.0
7942.0,2000,4,55,0,0,0,1,0,0,1,18,0,1.0
13000.0,4000,7,26,0,0,0,1,0,0,1,7,1,1.0
21000.0,6000,7,112,0,0,0,1,0,0,0,9,0,1.0
19000.0,4500,7,86,0,0,0,1,0,0,0,19,0,1.0
4277.0,3000,4,65,0,0,0,1,0,0,0,10,0,1.0
7867.0,2000,4,61,0,0,0,0,1,0,0,8,0,1.0
4146.0,8000,3,61,0,0,0,1,0,0,1,16,0,1.0
13000.0,500,2,85,1,0,0,0,0,0,0,17,0,1.0
2533.0,1500,2,49,0,0,0,0,1,0,0,3,0,1.0
1866.0,5000,8,21,1,0,0,0,0,0,1,20,0,1.0
4052.0,5000,8,47,0,0,1,0,0,0,1,17,0,1.0
1929.0,4000,4,51,1,0,0,0,0,0,0,16,1,0.0
5883.0,4000,4,71,0,0,0,0,0,1,0,17,0,1.0
8334.0,5000,5,59,0,0,0,1,0,0,0,18,0,1.0
3090.0,4000,7,69,0,0,0,1,0,0,0,14,0,1.0
2511.0,4500,7,48,0,0,0,0,0,1,0,12,1,1.0
1684.0,2000,6,113,0,0,0,1,0,0,0,8,1,1.0
5043.0,5000,4,59,0,0,0,1,0,0,0,19,1,0.0
1438.0,9000,2,49,0,0,1,0,0,0,1,18,1,0.0
13000.0,5000,5,74,0,0,0,1,0,0,0,17,0,1.0
1831.0,2000,5,9,0,1,0,0,0,0,0,7,0,1.0
1742.0,4000,5,60,1,0,0,0,0,0,0,15,0,1.0
2811.0,5000,4,129,1,0,0,0,0,0,0,17,0,1.0
1327.0,5000,3,51,0,0,0,0,1,0,0,14,0,1.0
2159.0,140,0,7,1,0,0,0,0,0,0,9,1,1.0
1676.0,3000,1,8,1,0,0,0,0,0,0,14,0,1.0
11000.0,6000,8,39,1,0,0,0,0,0,1,15,1,1.0
1568.0,3000,2,3,1,0,0,0,0,0,1,9,1,1.0
1113.0,2200,5,40,0,0,0,0,0,1,0,6,0,1.0
5882.0,5000,6,0,1,0,0,0,0,0,0,5,0,1.0
21000.0,4000,8,16,1,0,0,0,0,0,0,19,0,1.0
1112.0,2500,2,10,0,0,0,1,0,0,0,5,1,1.0
851.0,3000,1,10,0,0,0,0,0,1,0,9,1,1.0
922.0,4300,4,14,0,0,0,1,0,0,1,4,0,1.0
1581.0,2000,2,53,0,0,0,0,1,0,0,15,0,1.0
1743.0,3000,7,24,0,0,0,0,1,0,0,15,1,1.0
1373.0,5000,5,21,0,0,0,0,0,1,0,10,0,1.0
5271.0,1000,2,15,0,0,0,1,0,0,0,6,0,1.0
4253.0,5000,4,7,1,0,0,0,0,0,0,5,0,1.0
1119.0,5000,1,6,0,1,0,0,0,0,1,15,0,1.0
985.0,4800,1,8,0,0,0,0,1,0,0,20,0,1.0
5107.0,5500,7,154,0,0,0,1,0,0,1,15,1,1.0
624.0,2000,1,1,1,0,0,0,0,0,1,13,0,1.0
4723.0,5000,8,194,0,0,1,0,0,0,1,18,1,1.0
7721.0,3000,9,76,0,0,0,0,1,0,0,18,1,1.0
4126.0,8000,5,188,0,0,0,0,1,0,0,18,1,1.0
2448.0,5000,4,62,0,0,0,0,1,0,0,18,1,0.0
10000.0,5000,5,159,1,0,0,0,0,0,0,18,0,1.0
13000.0,3000,6,119,0,0,0,1,0,0,0,20,0,1.0
2244.0,4000,8,244,0,0,0,0,0,1,1,19,0,1.0
13000.0,6500,7,345,0,0,0,1,0,0,0,9,0,1.0
2469.0,5000,7,119,0,0,1,0,0,0,0,14,0,1.0
2174.0,3000,5,83,0,0,0,1,0,0,0,7,1,1.0
9697.0,1680,5,29,0,0,1,0,0,0,0,15,0,1.0
2333.0,2500,6,38,0,0,0,1,0,0,0,14,0,1.0
20000.0,5000,6,130,0,0,0,0,0,1,0,16,0,1.0
5336.0,6000,7,121,0,0,0,1,0,0,1,6,1,1.0
12000.0,3000,7,336,1,0,0,0,0,0,0,17,0,1.0
3063.0,5000,9,128,0,0,0,0,0,1,1,15,1,1.0
3538.0,3000,7,202,0,0,0,0,1,0,1,11,0,1.0
1579.0,10000,8,70,0,0,0,1,0,0,1,9,0,1.0
18000.0,2200,8,64,1,0,0,0,0,0,0,9,1,1.0
2277.0,4000,1,174,0,0,0,1,0,0,0,4,1,1.0
4740.0,6500,8,51,1,0,0,0,0,0,0,20,1,0.0
4655.0,6000,7,160,0,0,1,0,0,0,0,15,0,1.0
2664.0,5000,5,116,0,0,0,0,1,0,0,12,0,1.0
2134.0,5000,9,50,0,0,0,0,0,1,0,20,1,1.0
16000.0,4000,4,130,1,0,0,0,0,0,0,11,0,1.0
34000.0,2500,5,26,0,0,1,0,0,0,0,14,0,1.0
3596.0,3500,7,46,1,0,0,0,0,0,1,7,1,1.0
4859.0,4000,6,77,0,0,0,0,1,0,0,20,1,1.0
3787.0,3000,3,71,1,0,0,0,0,0,0,13,0,1.0
1701.0,1200,4,155,0,0,0,1,0,0,0,20,0,1.0
1743.0,3200,6,90,0,0,0,0,0,1,0,12,1,1.0
1327.0,500,1,0,1,0,0,0,0,0,0,13,0,1.0
2005.0,5500,8,30,0,0,0,1,0,0,1,19,0,1.0
1164.0,4000,7,48,0,0,0,1,0,0,0,11,1,1.0
1406.0,5300,8,11,1,0,0,0,0,0,0,10,1,1.0
1457.0,3800,5,20,0,0,0,1,0,0,0,14,0,1.0
7320.0,3000,5,81,1,0,0,0,0,0,0,12,0,1.0
5371.0,4000,4,59,1,0,0,0,0,0,1,14,0,1.0
3294.0,4000,3,36,0,0,0,0,1,0,0,20,0,1.0
1822.0,4000,9,26,1,0,0,0,0,0,1,15,0,1.0
1344.0,3000,6,51,1,0,0,0,0,0,0,9,0,1.0
968.0,5000,7,3,0,0,0,1,0,0,0,13,1,1.0
1690.0,4000,5,0,0,0,0,1,0,0,0,10,0,1.0
1859.0,6000,6,27,1,0,0,0,0,0,0,13,1,1.0
7090.0,4000,9,164,0,0,0,0,0,1,0,10,0,1.0
4902.0,3700,4,3,0,0,0,0,0,1,0,15,0,1.0
7728.0,3100,4,13,0,0,0,0,1,0,0,18,1,1.0
1114.0,4000,9,1,0,0,0,1,0,0,0,8,0,1.0
19000.0,4000,8,37,1,0,0,0,0,0,0,16,1,1.0
16000.0,2000,5,30,0,0,0,0,0,1,1,19,0,1.0
16000.0,3100,5,209,0,0,1,0,0,0,0,20,1,1.0
10000.0,1800,4,159,0,0,0,0,1,0,1,17,1,1.0
3822.0,1600,3,36,1,0,0,0,0,0,1,16,0,1.0
16000.0,3900,6,130,0,0,1,0,0,0,0,15,1,1.0
4974.0,1800,4,183,0,0,1,0,0,0,0,10,0,1.0
11000.0,2000,4,98,0,0,0,1,0,0,0,14,0,1.0
7769.0,2650,5,113,0,0,1,0,0,0,1,19,1,1.0
4200.0,1200,3,13,0,0,1,0,0,0,0,10,1,0.0
14000.0,2500,6,15,0,1,0,0,0,0,0,10,0,1.0
6287.0,800,4,190,0,0,0,0,1,0,1,8,1,1.0
2669.0,400,3,189,1,0,0,0,0,0,0,9,1,1.0
9265.0,2000,7,56,0,1,0,0,0,0,0,15,1,1.0
2600.0,1500,4,71,0,0,0,1,0,0,0,15,1,1.0
4472.0,3500,6,32,0,0,1,0,0,0,0,4,1,1.0
6985.0,1500,5,43,0,0,0,1,0,0,0,12,0,1.0
3676.0,2800,7,74,1,0,0,0,0,0,1,7,0,1.0
12000.0,800,3,103,0,0,0,1,0,0,0,16,0,1.0
1528.0,1000,4,5,0,0,1,0,0,0,0,7,0,1.0
4070.0,2000,7,101,0,0,1,0,0,0,1,12,0,1.0
3129.0,1000,3,63,1,0,0,0,0,0,0,16,0,1.0
2364.0,1200,4,41,0,0,0,1,0,0,0,19,1,1.0
2482.0,3500,5,46,0,0,0,1,0,0,1,18,0,1.0
2252.0,4500,4,36,0,0,1,0,0,0,1,7,1,1.0
1498.0,1500,4,47,0,0,0,0,0,1,0,10,0,1.0
5251.0,2000,6,121,0,0,1,0,0,0,1,10,0,1.0
3259.0,1000,4,62,0,0,1,0,0,0,0,17,1,1.0
3222.0,4000,8,33,0,0,1,0,0,0,1,19,1,1.0
5356.0,1800,4,20,0,1,0,0,0,0,0,9,0,1.0
60000.0,1500,6,60,0,0,1,0,0,0,1,14,0,1.0
1575.0,800,7,49,1,0,0,0,0,0,0,15,1,1.0
2632.0,800,0,1,1,0,0,0,0,0,1,13,0,1.0
1913.0,1600,5,81,0,0,0,0,0,1,0,9,0,1.0
2286.0,2700,6,17,1,0,0,0,0,0,0,7,0,1.0
2033.0,2000,5,12,0,0,0,0,0,1,0,10,0,1.0
3197.0,3000,5,18,0,0,0,1,0,0,0,7,0,1.0
2243.0,800,5,1,1,0,0,0,0,0,1,7,0,1.0
1795.0,900,4,10,0,0,0,0,1,0,0,6,1,0.0
3210.0,3000,6,244,0,0,0,0,1,0,0,9,0,1.0
1408.0,1200,4,34,1,0,0,0,0,0,0,16,0,1.0
30000.0,1000,3,6,0,0,1,0,0,0,0,11,1,1.0
9198.0,1000,3,64,0,0,0,0,0,1,0,14,0,1.0
1917.0,500,3,42,0,0,1,0,0,0,1,17,0,1.0
3320.0,1000,4,1,0,1,0,0,0,0,1,6,0,1.0
5361.0,1500,5,155,0,0,0,0,1,0,0,20,0,1.0
978.0,2000,5,0,0,0,0,0,1,0,1,8,1,1.0
2117.0,1700,5,78,0,0,0,1,0,0,1,4,0,1.0
3556.0,2000,7,77,0,1,0,0,0,0,1,10,0,1.0
3272.0,2190,4,73,1,0,0,0,0,0,1,20,0,1.0
16000.0,2000,5,145,0,0,0,0,1,0,0,7,1,1.0
295.0,1500,4,19,0,0,0,0,1,0,0,5,0,1.0
1352.0,240,1,0,1,0,0,0,0,0,0,14,0,1.0
2849.0,10000,5,10,0,0,1,0,0,0,0,10,1,0.0
3234.0,6000,5,84,1,0,0,0,0,0,0,18,0,1.0
11000.0,1130,3,48,0,0,1,0,0,0,0,10,1,1.0
2527.0,2300,4,78,1,0,0,0,0,0,0,15,0,1.0
2187.0,1600,7,23,0,1,0,0,0,0,1,17,0,1.0
1975.0,3600,7,45,0,0,0,0,1,0,0,10,1,1.0
2175.0,2500,7,35,1,0,0,0,0,0,0,15,0,1.0
5850.0,1000,5,66,0,0,1,0,0,0,0,18,1,1.0
15000.0,4000,6,75,0,1,0,0,0,0,0,9,1,0.0
6788.0,3700,5,93,1,0,0,0,0,0,0,8,1,0.0
3540.0,4500,9,162,0,0,0,0,1,0,0,20,1,0.0
3700.0,1000,4,147,1,0,0,0,0,0,0,5,0,1.0
4520.0,4000,9,220,0,0,0,1,0,0,0,4,0,1.0
6431.0,7000,8,183,0,0,0,0,1,0,0,14,0,1.0
5299.0,2500,6,78,0,0,0,0,0,1,0,12,0,1.0
23000.0,1600,8,49,0,0,0,1,0,0,0,19,1,1.0
4980.0,3000,6,188,0,0,0,1,0,0,1,11,0,1.0
8302.0,2000,9,196,1,0,0,0,0,0,1,18,0,1.0
28000.0,2200,7,123,1,0,0,0,0,0,0,14,1,1.0
2057.0,3000,7,64,1,0,0,0,0,0,1,18,1,1.0
59000.0,2700,7,45,0,0,0,1,0,0,1,18,0,1.0
2637.0,850,1,73,0,0,0,0,0,1,0,13,0,1.0
3556.0,2000,5,173,0,0,1,0,0,0,0,20,1,0.0
2455.0,2000,4,62,1,0,0,0,0,0,0,12,0,1.0
2191.0,700,2,5,0,0,1,0,0,0,1,5,0,1.0
2442.0,1000,3,46,0,0,0,0,1,0,1,13,0,1.0
1575.0,3000,5,10,0,0,1,0,0,0,1,9,0,1.0
891.0,700,1,32,1,0,0,0,0,0,0,20,0,1.0
3700.0,1600,9,71,1,0,0,0,0,0,1,15,0,1.0
13000.0,1600,3,68,0,1,0,0,0,0,0,8,1,1.0
6444.0,800,5,15,1,0,0,0,0,0,0,11,0,1.0
2315.0,1500,2,33,0,0,0,1,0,0,0,4,0,1.0
1381.0,2800,1,11,0,0,0,1,0,0,0,15,1,0.0
2645.0,1400,3,18,0,0,0,0,1,0,0,16,0,1.0
3161.0,1000,3,28,0,0,1,0,0,0,0,12,0,1.0
3338.0,3500,7,38,1,0,0,0,0,0,1,17,0,1.0
1966.0,2200,4,85,1,0,0,0,0,0,0,9,0,1.0
1543.0,3500,6,76,0,0,1,0,0,0,1,36,0,1.0
4631.0,500,3,34,0,0,1,0,0,0,0,14,0,1.0
2037.0,170,1,9,0,1,0,0,0,0,0,19,0,1.0
1268.0,2200,4,49,0,0,1,0,0,0,0,5,0,1.0
1528.0,1000,3,1,0,0,0,1,0,0,0,16,0,1.0
127000.0,2000,7,511,0,0,0,0,1,0,0,7,1,1.0
18000.0,500,6,462,1,0,0,0,0,0,0,18,0,1.0
72000.0,2000,4,281,0,1,0,0,0,0,0,14,1,0.0
17000.0,4200,4,177,0,1,0,0,0,0,0,15,1,1.0
13000.0,1000,4,375,0,0,0,0,1,0,1,9,1,0.0
8136.0,3000,5,126,0,0,1,0,0,0,0,7,1,1.0
6820.0,1000,3,113,0,0,1,0,0,0,0,15,0,1.0
5158.0,968,4,63,1,0,0,0,0,0,1,5,1,0.0
22000.0,1000,4,33,0,0,0,0,0,1,0,10,1,1.0
13000.0,3000,3,159,0,0,0,1,0,0,0,7,1,1.0
4837.0,4000,9,69,1,0,0,0,0,0,1,7,0,1.0
12000.0,1500,4,126,1,0,0,0,0,0,1,9,1,1.0
8060.0,3000,9,65,0,0,0,0,1,0,0,9,1,1.0
9956.0,3000,4,99,0,0,0,0,0,1,0,5,1,0.0
7851.0,2500,6,81,1,0,0,0,0,0,1,8,1,0.0
44000.0,800,3,78,0,0,0,0,1,0,0,13,1,1.0
14000.0,2500,5,157,1,0,0,0,0,0,0,8,1,1.0
24000.0,1800,4,123,0,0,0,0,1,0,0,11,1,1.0
3616.0,2000,6,14,0,0,0,0,0,1,0,18,1,1.0
1310.0,2000,2,80,0,0,0,0,1,0,0,15,1,1.0
4083.0,2000,3,34,1,0,0,0,0,0,0,15,1,0.0
7269.0,700,2,43,0,0,0,0,0,1,0,20,1,0.0
7878.0,1000,4,35,0,0,0,0,0,1,0,15,1,0.0
21000.0,1000,2,38,0,0,0,0,1,0,0,10,0,1.0
1573.0,2000,4,61,0,0,0,0,0,1,0,13,0,1.0
6315.0,4000,4,236,0,0,0,1,0,0,1,13,1,0.0
6067.0,500,1,61,0,0,0,0,1,0,0,14,0,1.0
53000.0,6000,4,11,0,1,0,0,0,0,0,7,1,0.0
3323.0,5000,4,33,0,0,0,1,0,0,0,5,1,0.0
5414.0,400,2,14,0,0,0,0,0,1,1,8,1,0.0
2579.0,300,1,0,0,0,0,0,1,0,0,5,1,1.0
2367.0,300,2,132,0,0,0,0,0,1,0,9,0,1.0
1849.0,220,2,0,0,0,0,0,1,0,0,4,0,1.0
13000.0,2800,9,251,0,0,1,0,0,0,0,10,1,1.0
9090.0,500,2,15,1,0,0,0,0,0,1,19,1,1.0
2270.0,400,3,21,0,0,0,0,1,0,0,6,0,1.0
1625.0,2000,2,6,0,0,1,0,0,0,1,5,1,0.0
5503.0,3800,5,37,0,0,0,1,0,0,1,15,1,0.0
5840.0,2000,4,92,0,0,0,0,1,0,0,9,1,0.0
2123.0,2000,4,75,1,0,0,0,0,0,0,9,1,0.0
8628.0,4000,4,21,0,1,0,0,0,0,0,10,1,0.0
2468.0,2500,5,29,1,0,0,0,0,0,0,14,1,1.0
968.0,3000,4,221,1,0,0,0,0,0,1,7,1,0.0
2039.0,4000,2,22,0,0,0,0,0,1,0,12,1,0.0
60000.0,4700,8,228,1,0,0,0,0,0,1,9,1,1.0
3615.0,6500,8,71,0,0,0,1,0,0,0,20,0,1.0
38000.0,2000,4,143,0,0,0,0,1,0,0,15,1,1.0
4673.0,1460,7,102,0,0,0,0,0,1,0,19,1,1.0
7916.0,6000,5,132,1,0,0,0,0,0,0,7,1,1.0
2511.0,3500,8,91,1,0,0,0,0,0,0,7,1,1.0
2223.0,4000,8,127,0,0,1,0,0,0,1,11,0,1.0
30000.0,5000,5,147,0,0,0,1,0,0,0,14,0,1.0
17000.0,1000,6,134,1,0,0,0,0,0,0,24,1,1.0
596.0,3000,1,121,1,0,0,0,0,0,0,9,1,1.0
56000.0,200,9,254,1,0,0,0,0,0,1,6,0,1.0
3758.0,129,2,19,0,0,0,0,1,0,1,13,1,1.0
3920.0,500,2,50,1,0,0,0,0,0,0,5,1,0.0
20000.0,1100,4,444,1,0,0,0,0,0,0,10,1,1.0
2041.0,1250,3,3,0,0,0,1,0,0,0,8,1,0.0
3738.0,2500,6,73,0,0,1,0,0,0,1,18,1,0.0
10000.0,5000,8,158,1,0,0,0,0,0,0,10,0,1.0
3118.0,2000,6,107,0,0,0,0,1,0,1,4,1,1.0
6608.0,4000,8,166,1,0,0,0,0,0,0,15,1,1.0
1943.0,4000,2,58,1,0,0,0,0,0,0,17,0,1.0
8517.0,2200,8,30,0,0,1,0,0,0,1,13,1,1.0
20000.0,2710,8,407,0,0,0,1,0,0,1,19,0,1.0
20000.0,4800,9,244,1,0,0,0,0,0,1,13,1,1.0
7090.0,4000,9,164,0,0,0,0,0,1,0,10,0,1.0
10000.0,5500,9,182,1,0,0,0,0,0,1,10,1,0.0
5484.0,7500,8,145,0,0,1,0,0,0,1,16,0,1.0
7793.0,1000,6,231,0,0,0,1,0,0,0,21,0,1.0
3494.0,5000,7,90,0,0,1,0,0,0,0,18,0,1.0
6306.0,4500,1,457,1,0,0,0,0,0,1,18,1,0.0
19000.0,7500,8,99,0,0,0,0,1,0,1,18,0,1.0
2888.0,3500,9,133,0,0,0,0,1,0,0,13,0,1.0
3592.0,4000,9,135,0,0,0,1,0,0,1,8,0,1.0
4954.0,7000,9,256,0,0,0,1,0,0,0,9,1,1.0
4159.0,1200,3,32,1,0,0,0,0,0,0,4,0,1.0
13000.0,3000,6,119,0,0,0,1,0,0,0,20,0,1.0
9126.0,5000,9,289,1,0,0,0,0,0,0,8,1,1.0
5081.0,3000,7,248,0,0,1,0,0,0,1,16,0,1.0
6000.0,3500,8,101,0,0,0,1,0,0,0,10,1,1.0
2469.0,5000,7,119,0,0,1,0,0,0,0,14,0,1.0
2394.0,8000,8,64,0,0,0,0,0,1,0,12,0,1.0
8499.0,6000,9,159,0,0,0,1,0,0,0,15,1,1.0
2762.0,4500,7,138,0,0,1,0,0,0,1,10,0,1.0
2018.0,3500,8,87,1,0,0,0,0,0,1,13,1,0.0
1760.0,4000,7,37,0,0,0,1,0,0,1,16,0,1.0
6793.0,5000,9,96,0,0,1,0,0,0,1,4,0,1.0
4980.0,3000,6,188,0,0,0,1,0,0,1,11,0,1.0
5260.0,4000,6,88,1,0,0,0,0,0,1,12,1,1.0
6236.0,7000,8,251,1,0,0,0,0,0,0,9,0,1.0
3538.0,3000,7,202,0,0,0,0,1,0,1,11,0,1.0
3701.0,2500,9,58,0,1,0,0,0,0,1,9,1,1.0
11000.0,8000,6,159,0,0,0,1,0,0,0,12,0,1.0
29000.0,4000,7,117,1,0,0,0,0,0,0,13,1,1.0
2942.0,6500,6,157,0,0,0,0,0,1,0,10,1,0.0
3463.0,7000,3,72,1,0,0,0,0,0,1,18,0,1.0
4193.0,5000,7,65,1,0,0,0,0,0,1,16,0,1.0
2280.0,4000,5,90,0,0,0,1,0,0,1,4,0,1.0
2555.0,5600,9,7,0,1,0,0,0,0,1,20,0,1.0
2561.0,7500,8,135,0,0,0,1,0,0,0,20,0,1.0
2259.0,1800,6,26,0,0,0,0,0,1,0,15,1,1.0
2406.0,3500,8,38,0,0,0,0,0,1,1,19,1,1.0
2343.0,4500,2,9,0,0,0,1,0,0,1,16,0,1.0
1701.0,1200,4,155,0,0,0,1,0,0,0,20,0,1.0
1563.0,6000,9,0,0,0,0,1,0,0,0,20,0,1.0
2005.0,5500,8,30,0,0,0,1,0,0,1,19,0,1.0
1321.0,2000,5,12,1,0,0,0,0,0,0,20,0,1.0
1181.0,5000,2,11,0,0,0,1,0,0,0,9,1,1.0
3737.0,5500,9,229,1,0,0,0,0,0,1,13,0,1.0
2469.0,5000,9,54,0,0,0,0,1,0,0,9,0,1.0
1744.0,5000,8,43,0,0,0,1,0,0,0,16,1,1.0
2010.0,2500,8,69,0,0,0,0,1,0,0,7,1,1.0
1406.0,5300,8,11,1,0,0,0,0,0,0,10,1,1.0
1756.0,4000,7,60,0,1,0,0,0,0,0,5,0,1.0
3955.0,3700,9,183,0,0,0,1,0,0,1,7,1,0.0
3646.0,5500,8,53,1,0,0,0,0,0,1,20,0,1.0
3402.0,2000,5,122,0,0,0,0,0,1,0,13,1,1.0
1485.0,7500,8,58,0,0,0,0,0,1,1,4,0,1.0
2944.0,15000,2,18,0,0,1,0,0,0,0,9,1,0.0
3931.0,3000,4,6,0,0,1,0,0,0,0,14,0,1.0
2203.0,3500,9,34,1,0,0,0,0,0,0,18,1,1.0
1094.0,5000,8,34,0,0,0,1,0,0,1,9,0,1.0
35000.0,2800,5,171,0,0,1,0,0,0,0,10,0,1.0
13000.0,967,3,176,0,0,0,0,1,0,0,13,0,1.0
15000.0,500,2,135,0,0,0,1,0,0,1,7,0,1.0
5117.0,1000,3,224,0,0,1,0,0,0,0,4,1,0.0
14000.0,2500,5,159,0,0,0,1,0,0,1,11,1,1.0
41000.0,800,2,56,1,0,0,0,0,0,0,7,0,1.0
10000.0,1200,3,163,1,0,0,0,0,0,1,18,1,1.0
1689.0,1000,3,26,1,0,0,0,0,0,0,14,0,1.0
3418.0,2300,4,64,0,0,0,0,1,0,1,16,1,1.0
18000.0,500,3,80,1,0,0,0,0,0,0,17,1,1.0
3213.0,780,5,8,0,0,1,0,0,0,1,13,0,1.0
2656.0,500,2,41,1,0,0,0,0,0,0,13,1,0.0
18000.0,1200,3,102,1,0,0,0,0,0,0,9,1,1.0
3302.0,5000,3,32,0,0,0,1,0,0,1,20,0,1.0
11000.0,1000,2,202,1,0,0,0,0,0,0,10,0,0.0
12000.0,2068,5,126,1,0,0,0,0,0,1,20,1,0.0
32000.0,2999,5,203,0,1,0,0,0,0,0,19,0,1.0
13000.0,2000,4,170,1,0,0,0,0,0,1,19,1,1.0
20000.0,1800,4,90,1,0,0,0,0,0,1,27,0,1.0
6897.0,1500,4,158,0,0,0,1,0,0,0,10,1,0.0
19000.0,1173,5,47,0,0,1,0,0,0,0,17,0,1.0
8500.0,4000,9,255,1,0,0,0,0,0,1,4,1,1.0
19000.0,2000,9,99,0,1,0,0,0,0,0,14,0,1.0
23000.0,600,2,20,1,0,0,0,0,0,0,19,0,1.0
27000.0,1500,3,59,0,0,0,1,0,0,0,13,0,1.0
519.0,500,2,30,1,0,0,0,0,0,0,12,1,0.0
6411.0,1500,3,84,0,0,1,0,0,0,1,16,1,1.0
5152.0,2000,4,61,0,0,0,0,1,0,0,11,0,1.0
2358.0,1000,2,54,1,0,0,0,0,0,1,12,0,1.0
4635.0,1200,3,159,0,0,0,1,0,0,1,13,0,1.0
3324.0,1300,4,73,0,0,0,0,1,0,0,10,1,0.0
3041.0,2000,3,109,1,0,0,0,0,0,0,15,0,1.0
3639.0,1200,8,68,0,0,0,0,0,1,0,19,0,1.0
7745.0,5000,3,171,1,0,0,0,0,0,0,12,1,1.0
15000.0,2500,6,130,1,0,0,0,0,0,0,12,1,1.0
40000.0,2000,2,153,1,0,0,0,0,0,1,10,1,1.0
8141.0,1500,4,154,0,0,0,0,1,0,0,30,1,0.0
10000.0,1000,3,105,1,0,0,0,0,0,0,10,0,1.0
10000.0,4700,4,101,0,0,0,0,0,1,0,15,1,0.0
22000.0,3000,4,139,1,0,0,0,0,0,0,14,1,0.0
43000.0,600,5,41,0,0,0,0,0,1,1,10,1,0.0
9746.0,3000,7,112,1,0,0,0,0,0,0,10,1,1.0
13000.0,2800,4,38,0,1,0,0,0,0,0,5,0,1.0
19000.0,3000,5,33,0,0,0,1,0,0,0,18,1,0.0
4281.0,5000,1,92,0,0,0,1,0,0,0,14,1,1.0
42000.0,800,0,40,0,1,0,0,0,0,0,14,1,1.0
15000.0,600,2,63,0,0,0,0,1,0,1,11,1,0.0
6880.0,550,3,101,1,0,0,0,0,0,0,5,1,1.0
3291.0,500,3,72,0,0,0,1,0,0,0,5,0,1.0
12000.0,500,2,38,0,1,0,0,0,0,1,12,1,1.0
1404.0,3000,9,89,0,0,0,0,0,1,0,3,0,1.0
15000.0,2000,3,60,0,0,1,0,0,0,0,7,0,1.0
7061.0,250,1,17,0,0,0,0,1,0,1,7,1,0.0
3831.0,3000,4,42,0,0,1,0,0,0,0,18,0,1.0
1868.0,300,2,21,0,0,0,1,0,0,0,9,0,1.0
2118.0,2500,5,15,0,0,0,1,0,0,0,5,1,1.0
4900.0,4000,5,32,0,0,1,0,0,0,1,9,1,0.0
3200.0,2000,3,18,0,1,0,0,0,0,0,7,0,1.0
3280.0,500,1,0,0,0,1,0,0,0,0,13,0,1.0
1531.0,2222,1,18,0,0,0,0,0,1,0,2,1,0.0
3854.0,600,1,67,1,0,0,0,0,0,0,8,1,1.0
1636.0,3000,6,74,0,0,0,1,0,0,0,12,1,0.0
3001.0,2100,4,30,0,1,0,0,0,0,0,12,1,1.0
2644.0,600,2,21,0,0,0,0,1,0,1,6,0,1.0
3845.0,600,2,23,1,0,0,0,0,0,0,12,0,1.0
14000.0,3000,6,94,0,0,1,0,0,0,0,15,1,1.0
2511.0,3500,8,91,1,0,0,0,0,0,0,7,1,1.0
2223.0,4000,8,127,0,0,1,0,0,0,1,11,0,1.0
6628.0,500,2,100,0,0,0,0,0,1,1,14,1,1.0
7068.0,2650,6,157,0,0,0,1,0,0,0,19,1,1.0
3063.0,5000,9,128,0,0,0,0,0,1,1,15,1,1.0
53000.0,998,3,49,0,0,0,1,0,0,0,16,0,1.0
9322.0,1200,6,87,1,0,0,0,0,0,0,9,0,1.0
525.0,2000,3,8,0,1,0,0,0,0,0,9,1,1.0
7621.0,3000,5,164,0,0,1,0,0,0,1,16,0,1.0
3376.0,20000,2,101,0,1,0,0,0,0,0,16,0,1.0
1635.0,7500,7,44,0,0,0,1,0,0,0,16,1,0.0
18000.0,6800,2,111,1,0,0,0,0,0,1,17,1,1.0
3605.0,2800,5,111,1,0,0,0,0,0,0,11,1,0.0
5927.0,2500,5,23,1,0,0,0,0,0,1,10,0,1.0
3896.0,5000,5,28,1,0,0,0,0,0,1,14,0,1.0
301.0,3000,0,0,0,0,0,0,0,1,0,11,1,0.0
1043.0,1500,4,17,0,0,1,0,0,0,0,7,1,1.0
13000.0,1000,3,14,0,0,0,1,0,0,1,17,1,1.0
1472.0,800,3,32,1,0,0,0,0,0,1,5,1,1.0
1543.0,6000,4,52,0,0,0,0,0,1,0,13,1,0.0
3639.0,1200,8,68,0,0,0,0,0,1,0,19,0,1.0
5223.0,3000,6,82,0,0,0,1,0,0,0,4,1,1.0
2781.0,680,4,27,1,0,0,0,0,0,0,10,0,1.0
604.0,1126,5,20,0,0,0,0,1,0,0,3,1,0.0
1460.0,300,2,41,0,0,1,0,0,0,0,5,0,1.0
1265.0,3000,7,0,0,1,0,0,0,0,0,10,1,1.0
938.0,5000,5,2,0,1,0,0,0,0,0,10,1,0.0
705.0,500,1,16,0,0,0,1,0,0,0,5,0,1.0
1704.0,2000,3,9,1,0,0,0,0,0,0,8,0,1.0
2131.0,400,2,21,0,0,1,0,0,0,1,19,1,1.0
482.0,150,0,4,0,0,1,0,0,0,0,5,1,0.0
918.0,2500,5,0,0,0,0,0,1,0,1,9,1,0.0
17000.0,3000,3,171,0,0,0,0,1,0,0,17,0,1.0
29000.0,2000,5,126,0,0,0,0,0,1,1,10,0,1.0
3283.0,400,2,61,1,0,0,0,0,0,0,8,0,1.0
34000.0,300,2,42,1,0,0,0,0,0,1,19,0,1.0
11000.0,500,2,199,0,0,0,0,0,1,0,8,0,1.0
8769.0,700,1,17,1,0,0,0,0,0,0,15,0,1.0
7535.0,250,2,25,0,0,1,0,0,0,1,19,0,1.0
3629.0,800,2,44,0,0,1,0,0,0,1,12,0,1.0
11000.0,1000,3,26,1,0,0,0,0,0,1,19,0,1.0
4599.0,2000,3,13,0,0,1,0,0,0,0,17,1,1.0
2556.0,800,2,32,0,0,0,0,0,1,0,9,0,1.0
3705.0,2000,2,18,1,0,0,0,0,0,0,17,1,1.0
2656.0,800,1,25,1,0,0,0,0,0,0,17,0,1.0
2342.0,800,1,32,1,0,0,0,0,0,0,17,0,1.0
2168.0,388,1,24,1,0,0,0,0,0,1,19,1,1.0
1813.0,5000,4,0,0,0,1,0,0,0,0,7,0,1.0
53000.0,998,3,49,0,0,0,1,0,0,0,16,0,1.0
4376.0,800,2,19,1,0,0,0,0,0,1,11,0,1.0
3124.0,500,2,31,0,0,0,0,1,0,0,5,0,1.0
3605.0,2800,5,111,1,0,0,0,0,0,0,11,1,0.0
5092.0,600,2,11,1,0,0,0,0,0,0,9,1,1.0
8870.0,1500,7,256,0,0,0,0,1,0,0,17,1,1.0
5646.0,372,5,280,0,0,0,1,0,0,1,21,1,1.0
3747.0,12000,9,1068,1,0,0,0,0,0,0,19,1,0.0
4636.0,12000,7,74,0,1,0,0,0,0,0,9,1,1.0
1710.0,3500,5,36,1,0,0,0,0,0,1,16,1,0.0
1635.0,7500,7,44,0,0,0,1,0,0,0,16,1,0.0
4598.0,4500,5,58,0,0,0,0,1,0,0,10,1,1.0
525.0,2000,3,8,0,1,0,0,0,0,0,9,1,1.0
2806.0,5000,8,15,0,0,1,0,0,0,0,9,1,0.0
3079.0,7500,8,49,0,0,1,0,0,0,1,6,0,1.0
6302.0,5000,7,71,0,0,0,0,0,1,0,13,0,1.0
13000.0,1000,3,14,0,0,0,1,0,0,1,17,1,1.0
1045.0,2000,0,16,1,0,0,0,0,0,1,10,0,1.0
3280.0,500,1,0,0,0,1,0,0,0,0,13,0,1.0
668.0,2000,3,6,1,0,0,0,0,0,0,6,0,1.0
618.0,300,1,4,0,0,1,0,0,0,1,13,0,1.0
1677.0,500,2,2,1,0,0,0,0,0,0,20,1,1.0
1168.0,500,1,6,1,0,0,0,0,0,0,11,1,0.0
616.0,150,1,3,1,0,0,0,0,0,0,4,0,1.0
452.0,1000,3,0,0,0,0,0,1,0,0,6,0,1.0
1166.0,3000,3,0,0,0,1,0,0,0,0,16,1,0.0
889.0,2000,3,2,0,0,0,1,0,0,0,5,0,1.0
39000.0,1500,4,321,0,0,1,0,0,0,0,12,1,1.0
18000.0,850,4,106,0,0,0,0,1,0,0,15,1,0.0
14000.0,2000,5,105,0,1,0,0,0,0,0,16,1,0.0
11000.0,1500,6,33,0,0,1,0,0,0,0,11,0,1.0
11000.0,1000,3,66,0,0,0,0,1,0,1,17,0,1.0
4908.0,1500,5,86,0,0,0,0,0,1,1,9,1,0.0
6777.0,1000,4,223,0,0,0,0,0,1,0,8,1,0.0
4829.0,800,2,76,0,0,0,0,1,0,0,21,0,1.0
9653.0,400,3,68,0,0,0,0,0,1,1,7,1,1.0
3152.0,2000,3,13,0,0,1,0,0,0,0,8,1,0.0
3822.0,1000,2,42,1,0,0,0,0,0,0,16,1,1.0
3962.0,1000,5,90,0,0,0,0,1,0,0,7,1,1.0
32000.0,1300,7,337,0,0,0,1,0,0,0,36,1,1.0
3333.0,500,3,106,0,0,0,0,0,1,1,6,1,0.0
15000.0,1650,3,90,1,0,0,0,0,0,0,13,1,1.0
10000.0,600,2,25,1,0,0,0,0,0,1,5,0,1.0
20000.0,700,2,96,0,0,0,0,1,0,1,7,1,1.0
1123.0,700,3,208,0,0,0,0,1,0,0,6,0,1.0
2399.0,2000,3,43,0,0,0,0,0,1,0,15,1,1.0
4172.0,1200,5,82,1,0,0,0,0,0,0,17,1,1.0
3062.0,1500,3,41,0,0,0,0,1,0,0,10,1,0.0
15000.0,900,3,58,1,0,0,0,0,0,0,5,1,0.0
3942.0,600,2,55,0,0,0,1,0,0,0,13,1,1.0
4956.0,600,2,56,1,0,0,0,0,0,0,11,1,1.0
2378.0,1000,3,53,0,0,0,0,0,1,0,6,1,1.0
2751.0,600,4,55,0,0,0,0,1,0,0,10,1,0.0
2723.0,1000,3,39,0,0,0,1,0,0,0,7,1,1.0
3139.0,300,2,25,0,0,0,1,0,0,0,5,1,0.0
1269.0,3200,0,20,0,0,0,0,0,1,1,4,1,0.0
1412.0,1000,4,29,0,0,0,0,1,0,0,18,1,1.0
27000.0,2000,4,243,1,0,0,0,0,0,0,16,1,1.0
972.0,1000,0,16,1,0,0,0,0,0,0,15,1,1.0
6183.0,2000,9,189,0,0,0,0,0,1,0,10,1,1.0
2014.0,1800,5,27,0,0,0,0,1,0,1,5,0,1.0
3439.0,1100,4,10,0,0,1,0,0,0,0,8,1,0.0
9409.0,2000,8,501,0,0,0,0,1,0,1,20,1,0.0
12000.0,1800,7,234,0,0,0,0,0,1,1,20,1,0.0
3540.0,4500,9,162,0,0,0,0,1,0,0,20,1,0.0
3892.0,3000,7,234,0,0,1,0,0,0,0,9,1,1.0
1444.0,500,1,18,0,0,0,0,1,0,0,8,0,1.0
3650.0,5000,9,108,0,0,0,0,1,0,0,7,0,1.0
23000.0,1600,8,49,0,0,0,1,0,0,0,19,1,1.0
13000.0,2000,7,99,1,0,0,0,0,0,1,10,1,1.0
9423.0,200,6,62,0,0,0,0,1,0,1,14,1,1.0
1328.0,3000,5,64,0,0,1,0,0,0,1,15,1,1.0
3409.0,6000,1,94,0,0,0,0,0,1,0,8,1,1.0
2746.0,1500,5,93,0,0,0,1,0,0,0,14,1,1.0
11000.0,2000,7,132,0,1,0,0,0,0,1,15,0,1.0
1379.0,2000,7,1,0,0,0,0,0,1,0,20,1,0.0
1829.0,2580,1,34,0,0,0,0,0,1,0,12,0,1.0
1846.0,8000,6,21,0,0,0,0,0,1,0,10,1,1.0
4308.0,3000,1,10,0,0,1,0,0,0,0,7,1,1.0
1089.0,1500,4,33,0,0,0,1,0,0,1,9,1,1.0
576.0,1000,1,2,0,0,0,0,1,0,0,7,0,1.0
2026.0,800,3,1,1,0,0,0,0,0,0,18,0,1.0
472.0,700,3,6,1,0,0,0,0,0,0,8,0,1.0
386.0,2500,2,17,0,0,0,0,1,0,0,8,0,1.0
43000.0,1000,2,24,0,0,0,0,1,0,1,8,1,1.0
2091.0,2000,5,9,0,0,1,0,0,0,0,11,1,1.0
830.0,3000,5,9,0,0,0,0,1,0,1,6,1,1.0
1058.0,2500,3,0,0,0,0,1,0,0,0,8,1,0.0
85000.0,500,2,294,1,0,0,0,0,0,1,12,1,1.0
8911.0,2000,4,273,1,0,0,0,0,0,1,18,1,1.0
4070.0,2000,7,68,0,0,0,0,0,1,0,4,0,1.0
17000.0,300,1,123,0,0,0,1,0,0,1,19,1,1.0
8614.0,2000,4,110,0,0,1,0,0,0,0,12,1,0.0
8184.0,750,2,148,0,0,0,1,0,0,1,12,1,1.0
5642.0,500,2,89,0,0,0,1,0,0,1,16,0,1.0
4820.0,1200,1,54,0,1,0,0,0,0,1,11,1,1.0
4291.0,1417,5,362,0,0,1,0,0,0,0,5,1,1.0
3798.0,1500,3,38,0,1,0,0,0,0,0,12,1,1.0
6005.0,3000,9,47,0,1,0,0,0,0,0,6,0,1.0
1176.0,400,1,25,0,0,0,0,1,0,0,11,0,1.0
2820.0,500,2,36,0,0,0,0,0,1,1,20,0,1.0
3303.0,200,1,15,0,0,1,0,0,0,1,19,0,1.0
2229.0,1050,3,30,0,0,1,0,0,0,0,11,0,1.0
2443.0,450,2,25,0,0,0,0,1,0,1,13,0,1.0
1862.0,2000,5,59,0,0,0,0,1,0,0,12,1,1.0
1827.0,1000,1,11,0,0,0,0,1,0,1,6,0,1.0
3167.0,1000,2,63,0,0,1,0,0,0,1,9,1,1.0
3489.0,530,2,15,0,0,1,0,0,0,0,8,1,1.0
1000.0,300,0,2,1,0,0,0,0,0,1,10,0,1.0
9188.0,2000,3,151,0,0,0,0,1,0,1,4,1,1.0
16000.0,3600,9,173,0,0,0,0,1,0,1,12,0,1.0
3168.0,1400,6,67,1,0,0,0,0,0,0,15,1,0.0
4519.0,1800,5,182,0,0,0,0,0,1,0,19,0,1.0
3869.0,2300,5,123,0,0,0,0,0,1,0,15,0,1.0
50000.0,2000,3,41,0,0,0,0,1,0,0,19,1,1.0
3925.0,3000,3,199,1,0,0,0,0,0,0,16,1,1.0
7363.0,3000,8,266,0,0,0,0,1,0,0,19,1,1.0
6399.0,3500,7,341,1,0,0,0,0,0,0,4,0,1.0
8395.0,3080,7,107,0,0,0,1,0,0,0,16,0,1.0
5066.0,2500,8,375,0,1,0,0,0,0,1,28,1,1.0
3417.0,3500,9,166,0,0,0,1,0,0,1,15,1,1.0
6431.0,7000,8,183,0,0,0,0,1,0,0,14,0,1.0
8500.0,4000,9,255,1,0,0,0,0,0,1,4,1,1.0
5608.0,3500,8,163,0,0,0,0,1,0,1,16,1,1.0
4645.0,6000,8,251,1,0,0,0,0,0,0,12,0,1.0
2898.0,2500,6,158,0,0,0,1,0,0,0,4,1,1.0
19000.0,350,2,97,1,0,0,0,0,0,1,12,0,1.0
2268.0,1800,5,100,0,0,0,1,0,0,1,10,1,1.0
3730.0,700,2,136,0,0,1,0,0,0,0,23,1,1.0
2361.0,2500,6,125,0,0,0,0,0,1,0,9,1,1.0
3482.0,1800,6,125,1,0,0,0,0,0,1,4,0,1.0
4328.0,550,2,46,0,0,1,0,0,0,1,10,1,0.0
5428.0,1700,6,43,0,0,0,0,1,0,0,20,1,1.0
6107.0,1600,5,151,0,0,1,0,0,0,0,20,1,0.0
3275.0,3000,6,112,0,0,0,0,0,1,0,18,1,1.0
2550.0,200,1,19,1,0,0,0,0,0,0,9,0,1.0
3901.0,700,2,128,0,0,0,0,0,1,0,9,1,1.0
3931.0,4000,8,81,0,0,0,0,1,0,0,17,1,1.0
2014.0,2000,3,36,0,0,0,0,0,1,0,5,1,1.0
1763.0,3000,8,13,0,0,0,0,0,1,1,7,1,0.0
1798.0,2600,4,36,0,0,0,0,0,1,0,14,1,0.0
1995.0,2300,7,43,0,0,0,0,1,0,0,4,0,1.0
2623.0,3800,8,0,0,0,1,0,0,0,0,18,1,0.0
346.0,200,1,14,0,0,0,0,1,0,0,11,0,1.0
86000.0,3500,4,415,0,0,0,0,1,0,0,17,1,1.0
7468.0,2200,4,176,1,0,0,0,0,0,0,23,1,1.0
5915.0,2400,5,158,0,0,0,0,0,1,0,11,1,0.0
17000.0,3000,3,56,0,0,0,0,0,1,1,19,1,1.0
5915.0,400,1,245,0,0,0,0,1,0,0,15,1,0.0
7289.0,2700,7,44,0,0,0,0,1,0,1,18,1,1.0
8558.0,888,3,112,0,0,1,0,0,0,1,22,0,1.0
7477.0,1500,4,109,0,0,0,1,0,0,0,6,1,0.0
6636.0,3000,5,19,0,0,0,0,0,1,0,19,1,1.0
9149.0,1000,1,83,0,0,0,0,1,0,1,14,1,0.0
6977.0,4000,8,110,0,0,1,0,0,0,1,5,1,1.0
14000.0,600,3,136,0,0,0,0,1,0,0,7,1,0.0
3907.0,3000,3,29,0,0,0,1,0,0,0,3,0,1.0
25000.0,2200,4,166,0,1,0,0,0,0,0,20,1,1.0
4704.0,1000,3,31,0,0,0,1,0,0,1,13,1,0.0
4383.0,200,2,150,0,0,1,0,0,0,1,7,0,1.0
3201.0,1000,3,51,1,0,0,0,0,0,0,10,0,1.0
26000.0,2500,5,93,0,0,0,0,0,1,0,11,1,1.0
3465.0,2700,5,80,1,0,0,0,0,0,0,7,1,0.0
8611.0,2500,5,153,0,0,0,1,0,0,0,11,1,0.0
3234.0,2200,4,64,0,0,0,1,0,0,0,16,1,0.0
64000.0,2000,1,33,0,0,0,0,0,1,1,11,1,1.0
9396.0,500,3,73,1,0,0,0,0,0,0,17,0,1.0
6326.0,3500,6,66,0,0,1,0,0,0,0,16,0,1.0
3746.0,1500,2,70,0,0,1,0,0,0,0,3,0,1.0
26000.0,1600,5,27,0,1,0,0,0,0,1,7,1,0.0
6000.0,1500,2,48,0,0,0,0,0,1,0,7,1,1.0
3841.0,2616,7,81,0,0,0,0,1,0,1,7,0,1.0
2812.0,500,2,13,1,0,0,0,0,0,0,14,1,0.0
3206.0,3000,2,31,0,0,0,1,0,0,1,10,1,1.0
4264.0,2800,4,150,0,0,0,1,0,0,0,18,1,1.0
3399.0,1500,3,65,1,0,0,0,0,0,1,11,0,1.0
1765.0,2300,4,63,0,0,0,0,1,0,0,4,1,0.0
9902.0,600,3,10,0,0,0,0,0,1,1,17,1,0.0
1910.0,3000,4,38,0,0,0,0,0,1,0,9,1,0.0
3592.0,2000,5,0,0,0,0,1,0,0,1,9,0,1.0
8820.0,3500,3,50,0,0,0,0,1,0,1,7,0,1.0
875.0,1265,3,28,1,0,0,0,0,0,0,8,0,1.0
2359.0,4000,4,48,0,0,0,1,0,0,0,9,0,1.0
3173.0,1500,3,42,0,0,0,0,1,0,0,13,0,1.0
8558.0,2500,3,28,0,0,0,1,0,0,1,12,1,1.0
2548.0,650,3,63,0,0,0,0,1,0,1,4,1,0.0
3231.0,120,0,49,1,0,0,0,0,0,1,20,0,1.0
2126.0,3000,6,13,0,1,0,0,0,0,0,4,1,1.0
34000.0,900,3,23,0,0,0,1,0,0,0,5,0,1.0
2715.0,1000,4,32,0,0,1,0,0,0,0,13,1,0.0
4172.0,150,1,15,0,0,0,0,1,0,1,10,1,1.0
3970.0,5000,5,14,0,0,0,1,0,0,0,5,0,1.0
35000.0,500,3,20,1,0,0,0,0,0,1,14,0,1.0
2331.0,800,3,22,0,0,1,0,0,0,0,8,0,1.0
7835.0,1250,3,0,0,1,0,0,0,0,0,6,0,1.0
1620.0,1000,0,28,0,0,1,0,0,0,0,16,1,0.0
4703.0,1000,2,15,0,0,1,0,0,0,0,12,0,1.0
7185.0,4000,7,280,1,0,0,0,0,0,1,17,1,1.0
18000.0,2000,3,330,0,0,0,0,1,0,0,20,0,1.0
2503.0,2000,6,11,0,0,1,0,0,0,0,10,1,0.0
8115.0,3321,6,318,0,0,0,0,1,0,0,15,0,1.0
12000.0,1600,5,34,0,1,0,0,0,0,0,15,1,1.0
4897.0,4500,8,523,0,0,0,0,1,0,0,12,0,1.0
5254.0,7686,9,78,0,0,0,0,1,0,0,14,1,0.0
4233.0,2300,4,74,0,0,0,0,0,1,0,8,0,1.0
7903.0,1700,5,168,0,0,0,0,1,0,0,18,1,0.0
2536.0,2500,7,28,1,0,0,0,0,0,1,8,1,1.0
7324.0,1500,4,117,1,0,0,0,0,0,0,20,0,1.0
4200.0,4000,7,156,0,0,0,0,0,1,0,10,1,1.0
5367.0,2052,4,35,0,0,0,0,1,0,1,16,1,1.0
3757.0,1200,4,50,1,0,0,0,0,0,1,12,0,1.0
2697.0,2500,7,23,1,0,0,0,0,0,0,9,0,1.0
1651.0,1500,2,16,0,0,1,0,0,0,1,4,1,0.0
4651.0,2200,6,87,0,1,0,0,0,0,0,18,1,1.0
4435.0,4000,9,51,1,0,0,0,0,0,0,12,1,1.0
2789.0,1000,6,66,0,0,0,0,0,1,0,13,1,0.0
2283.0,3000,5,24,0,0,1,0,0,0,1,15,1,1.0
4245.0,3000,6,16,1,0,0,0,0,0,0,3,1,1.0
2087.0,1500,3,17,0,0,0,1,0,0,0,19,0,1.0
2869.0,2500,6,83,0,0,0,0,1,0,0,12,0,1.0
5165.0,2500,6,68,0,0,1,0,0,0,0,15,0,1.0
2404.0,2200,5,0,1,0,0,0,0,0,0,15,1,1.0
780.0,2000,2,4,0,0,0,1,0,0,0,7,0,1.0
1679.0,3200,5,21,0,0,1,0,0,0,1,14,1,1.0
5172.0,10000,9,363,0,0,0,0,1,0,0,15,0,1.0
11000.0,3500,8,175,0,0,0,1,0,0,1,14,1,0.0
2808.0,3000,7,231,0,0,0,0,0,1,1,6,0,1.0
8134.0,2800,6,207,0,0,1,0,0,0,0,17,1,1.0
9780.0,3600,7,185,0,0,0,0,1,0,1,19,1,0.0
1917.0,1000,0,18,0,1,0,0,0,0,0,10,0,1.0
5426.0,5000,7,169,1,0,0,0,0,0,1,12,0,1.0
8223.0,3000,9,66,1,0,0,0,0,0,1,16,1,0.0
3090.0,4000,9,55,1,0,0,0,0,0,1,20,1,0.0
16000.0,3500,4,134,1,0,0,0,0,0,1,13,0,1.0
6279.0,3000,9,204,0,0,1,0,0,0,1,11,1,1.0
2764.0,2500,7,66,0,0,0,0,0,1,0,9,0,1.0
5427.0,4000,9,127,0,0,1,0,0,0,0,16,0,1.0
1760.0,2000,4,80,1,0,0,0,0,0,0,20,1,0.0
5327.0,1200,5,173,1,0,0,0,0,0,0,11,1,1.0
4720.0,2000,5,102,0,0,1,0,0,0,0,16,0,1.0
2266.0,800,4,27,0,0,0,1,0,0,0,12,1,1.0
980.0,5000,6,20,0,0,0,0,0,1,0,13,0,1.0
7696.0,5000,9,106,0,0,1,0,0,0,1,12,0,1.0
9322.0,1200,6,87,1,0,0,0,0,0,0,9,0,1.0
4502.0,4200,9,92,1,0,0,0,0,0,0,9,0,1.0
7827.0,4000,5,136,0,0,0,0,1,0,0,16,0,1.0
3309.0,2500,9,115,0,0,0,0,1,0,1,3,1,0.0
2748.0,2000,3,37,0,0,0,0,1,0,1,9,1,0.0
19000.0,2300,4,169,0,0,0,1,0,0,1,18,1,1.0
6752.0,321,3,38,0,0,0,1,0,0,0,18,0,1.0
5522.0,2000,3,33,1,0,0,0,0,0,1,9,1,1.0
4071.0,1000,4,12,0,0,0,1,0,0,1,16,1,1.0
9166.0,2000,6,112,1,0,0,0,0,0,1,9,1,1.0
3228.0,4276,8,73,1,0,0,0,0,0,0,14,0,1.0
3544.0,5000,7,23,0,0,0,0,0,1,0,18,0,1.0
11000.0,5000,8,420,0,0,1,0,0,0,1,17,1,0.0
7055.0,5000,7,161,0,0,0,0,1,0,1,16,1,1.0
5903.0,2000,4,157,0,0,0,0,1,0,0,10,0,1.0
4926.0,4000,9,91,0,0,0,0,0,1,0,14,0,1.0
1328.0,3000,5,64,0,0,1,0,0,0,1,15,1,1.0
5133.0,2000,9,111,0,0,0,1,0,0,0,18,1,0.0
6944.0,5000,9,156,0,1,0,0,0,0,0,19,1,0.0
5933.0,7000,8,160,0,0,1,0,0,0,0,17,1,0.0
2405.0,3000,6,21,0,0,0,0,1,0,0,18,0,1.0
2266.0,800,4,27,0,0,0,1,0,0,0,12,1,1.0
13000.0,3500,7,155,1,0,0,0,0,0,0,23,1,1.0
3313.0,1800,4,55,0,0,1,0,0,0,1,6,0,1.0
4670.0,3500,9,0,0,0,1,0,0,0,0,20,1,1.0
628.0,200,1,8,0,0,0,0,1,0,1,6,1,1.0
384.0,1500,1,4,0,0,0,0,1,0,0,6,1,0.0
2473.0,1500,7,44,0,0,1,0,0,0,0,11,0,1.0
594.0,1000,3,11,0,0,0,0,1,0,1,6,0,1.0
439.0,500,3,15,1,0,0,0,0,0,0,6,0,1.0
231.0,300,1,0,0,1,0,0,0,0,0,12,0,1.0
996.0,1100,4,0,0,1,0,0,0,0,0,6,1,0.0
682.0,500,3,0,0,0,0,1,0,0,1,6,0,1.0
2531.0,2350,8,1,0,1,0,0,0,0,0,4,0,1.0
3480.0,5000,4,116,1,0,0,0,0,0,1,5,0,1.0
95000.0,6334,9,485,0,1,0,0,0,0,0,18,1,1.0
163000.0,900,5,618,0,0,1,0,0,0,0,11,1,1.0
108000.0,1200,3,72,0,0,1,0,0,0,1,18,1,1.0
57000.0,1350,4,447,1,0,0,0,0,0,0,9,1,1.0
11000.0,2000,5,76,0,0,0,1,0,0,0,8,1,1.0
51000.0,500,2,151,0,0,0,0,0,1,0,15,1,1.0
12000.0,2000,4,385,0,1,0,0,0,0,0,16,1,1.0
14000.0,3100,5,231,0,0,0,0,0,1,1,4,1,1.0
5827.0,3700,5,594,0,0,0,1,0,0,1,12,1,1.0
27000.0,1200,3,74,0,0,0,0,0,1,0,8,0,1.0
6341.0,2500,5,129,0,0,0,0,0,1,1,5,1,0.0
12000.0,1300,3,85,0,0,0,1,0,0,0,11,1,1.0
30000.0,900,1,10,0,1,0,0,0,0,0,10,0,1.0
12000.0,1500,3,128,0,0,0,1,0,0,0,19,1,1.0
17000.0,2500,5,86,1,0,0,0,0,0,0,18,1,1.0
16000.0,1500,3,122,0,1,0,0,0,0,0,20,0,1.0
8632.0,1400,4,86,0,0,0,1,0,0,0,19,1,0.0
4492.0,3700,5,90,0,0,0,1,0,0,0,15,1,1.0
4078.0,3300,5,142,0,0,0,1,0,0,0,14,1,1.0
5653.0,1200,4,103,0,0,1,0,0,0,1,16,1,1.0
5784.0,4000,5,169,0,0,0,1,0,0,0,4,1,1.0
5771.0,1800,1,129,0,0,0,1,0,0,0,9,1,1.0
5784.0,350,2,75,0,0,0,0,0,1,0,17,1,1.0
6539.0,1500,3,43,1,0,0,0,0,0,0,12,0,1.0
5559.0,1000,5,75,1,0,0,0,0,0,0,12,1,1.0
5173.0,3000,5,103,1,0,0,0,0,0,0,6,1,1.0
3118.0,1500,1,43,0,0,0,0,1,0,1,6,0,1.0
9417.0,1500,4,95,0,0,1,0,0,0,0,14,1,1.0
2651.0,4000,7,75,0,0,0,0,0,1,0,8,0,1.0
5230.0,1500,3,33,0,0,0,0,0,1,0,7,1,0.0
3675.0,2000,3,59,0,0,0,0,1,0,0,16,0,1.0
5980.0,1300,4,179,0,0,0,0,1,0,1,18,1,1.0
6868.0,1600,3,75,0,1,0,0,0,0,1,7,0,1.0
3740.0,2600,6,169,0,0,0,1,0,0,1,13,1,1.0
4312.0,3500,5,145,0,0,0,0,1,0,1,9,0,1.0
5897.0,3000,8,138,0,0,0,0,1,0,1,17,1,0.0
6118.0,2000,6,164,1,0,0,0,0,0,0,6,1,1.0
8615.0,2200,5,39,0,0,1,0,0,0,1,17,1,0.0
11000.0,800,6,40,0,0,0,0,1,0,1,16,1,1.0
6206.0,2100,3,100,1,0,0,0,0,0,0,14,1,0.0
5237.0,1500,5,128,0,0,1,0,0,0,1,8,1,1.0
2162.0,1800,4,196,1,0,0,0,0,0,0,7,0,1.0
12000.0,3000,6,26,0,1,0,0,0,0,1,19,1,1.0
4507.0,4000,5,41,0,1,0,0,0,0,1,8,1,1.0
7346.0,300,2,23,0,0,0,0,1,0,1,14,1,1.0
5035.0,900,2,34,0,0,0,1,0,0,1,18,1,1.0
3047.0,500,3,44,0,0,1,0,0,0,0,12,0,1.0
4191.0,600,4,194,0,0,0,0,1,0,1,11,1,1.0
7787.0,2400,5,68,0,0,1,0,0,0,0,5,1,1.0
2293.0,1500,4,50,0,0,0,1,0,0,0,15,0,1.0
2536.0,2200,4,37,0,0,0,1,0,0,0,9,1,1.0
7498.0,1700,4,21,0,1,0,0,0,0,0,18,0,1.0
2859.0,500,4,31,0,0,0,0,1,0,0,13,0,1.0
1571.0,1000,3,18,0,0,0,1,0,0,1,5,1,1.0
2445.0,1200,3,62,1,0,0,0,0,0,0,7,1,1.0
5599.0,2000,5,46,0,0,1,0,0,0,0,8,0,1.0
2663.0,2000,5,145,0,0,0,0,1,0,1,9,0,1.0
30000.0,900,3,21,1,0,0,0,0,0,1,13,1,1.0
6782.0,1200,3,54,0,0,0,1,0,0,0,5,0,1.0
2164.0,1000,3,8,0,0,0,1,0,0,0,4,0,1.0
2612.0,3000,4,45,0,0,0,1,0,0,0,11,1,1.0
5177.0,500,2,15,0,0,1,0,0,0,0,7,1,1.0
4344.0,3000,4,38,0,0,0,1,0,0,0,7,1,1.0
3561.0,2000,6,43,0,0,0,1,0,0,0,13,0,1.0
3185.0,5000,1,44,0,0,0,1,0,0,0,5,0,1.0
2721.0,1500,4,6,0,0,0,1,0,0,0,13,0,1.0
3111.0,3000,3,57,0,0,0,0,1,0,0,5,1,1.0
3052.0,1500,3,53,0,0,1,0,0,0,0,8,0,1.0
12000.0,1200,5,8,0,0,0,0,0,1,0,15,1,0.0
7263.0,1600,4,17,0,0,0,0,1,0,1,12,1,1.0
2053.0,1350,1,5,0,0,1,0,0,0,0,12,0,1.0
5149.0,1000,3,0,0,0,1,0,0,0,0,12,0,1.0
3008.0,1500,4,15,1,0,0,0,0,0,0,4,0,1.0
2972.0,2000,3,35,0,1,0,0,0,0,0,9,1,0.0
15000.0,1500,4,10,0,0,0,1,0,0,0,10,0,1.0
6497.0,2000,4,38,0,1,0,0,0,0,1,9,0,1.0
28000.0,800,5,45,0,0,0,1,0,0,0,11,1,1.0
5049.0,3000,5,0,1,0,0,0,0,0,0,10,1,1.0
3967.0,1500,5,6,1,0,0,0,0,0,1,18,1,1.0
3603.0,250,2,19,1,0,0,0,0,0,1,7,0,1.0
4878.0,1300,6,38,0,0,0,0,1,0,0,18,1,0.0
2043.0,1500,3,3,0,0,0,1,0,0,0,11,0,1.0
5411.0,1500,5,12,0,1,0,0,0,0,0,9,0,1.0
6338.0,4017,7,136,0,0,0,1,0,0,0,18,1,1.0
3431.0,2500,5,44,0,0,0,0,0,1,1,5,1,0.0
5231.0,2300,6,54,1,0,0,0,0,0,0,19,1,0.0
4748.0,1500,4,55,1,0,0,0,0,0,0,20,0,1.0
1005.0,4500,1,20,0,0,1,0,0,0,1,11,1,0.0
3396.0,5000,7,11,0,1,0,0,0,0,0,7,0,1.0
5136.0,2500,5,191,1,0,0,0,0,0,0,5,0,1.0
4174.0,1800,6,63,1,0,0,0,0,0,0,6,0,1.0
3216.0,5000,6,103,0,0,0,0,0,1,0,8,1,1.0
3922.0,1370,4,351,0,0,0,0,1,0,0,16,1,0.0
2384.0,3000,8,64,0,0,0,0,0,1,0,8,1,1.0
3927.0,600,3,5,0,1,0,0,0,0,0,7,1,1.0
12000.0,3500,4,294,0,0,1,0,0,0,1,15,1,1.0
4268.0,4000,6,145,0,0,0,0,0,1,1,20,0,1.0
4895.0,5000,7,12,0,1,0,0,0,0,0,10,1,1.0
5764.0,400,8,144,0,0,0,0,1,0,1,20,1,0.0
8961.0,6000,5,372,0,0,0,0,0,1,0,11,0,1.0
1819.0,1800,5,10,0,0,0,0,1,0,0,4,0,1.0
6828.0,4300,8,91,0,0,0,0,0,1,0,19,1,1.0
4147.0,1200,7,78,0,0,0,0,1,0,0,9,0,1.0
3441.0,2900,8,89,0,0,0,1,0,0,1,18,1,0.0
6297.0,3000,6,194,0,0,0,1,0,0,0,15,1,0.0
3479.0,1700,6,37,0,0,0,0,1,0,0,6,1,1.0
4547.0,3500,8,104,0,1,0,0,0,0,1,10,1,1.0
4720.0,2000,5,102,0,0,1,0,0,0,0,16,0,1.0
2296.0,2000,9,11,0,1,0,0,0,0,0,4,0,1.0
5410.0,2600,8,166,0,0,1,0,0,0,0,13,1,1.0
3112.0,1900,7,130,0,0,0,0,0,1,0,7,1,0.0
5059.0,1500,6,15,0,0,1,0,0,0,0,17,0,1.0
6761.0,4000,8,39,0,1,0,0,0,0,1,10,0,1.0
1127.0,7000,2,67,1,0,0,0,0,0,0,19,1,0.0
700.0,3200,4,0,1,0,0,0,0,0,0,5,1,0.0
1138.0,600,3,17,0,0,0,0,0,1,0,6,1,1.0
1704.0,2000,3,9,1,0,0,0,0,0,0,8,0,1.0
444.0,1000,1,0,0,0,0,0,0,1,1,17,1,1.0
551.0,1000,4,14,0,0,1,0,0,0,0,3,0,1.0
2024.0,3100,7,4,0,0,0,1,0,0,0,9,0,1.0
1486.0,1000,2,7,1,0,0,0,0,0,1,10,0,1.0
1001.0,1000,4,1,0,0,1,0,0,0,0,5,1,1.0
1005.0,2500,8,0,0,0,1,0,0,0,1,5,1,1.0
1392.0,3000,6,0,0,0,1,0,0,0,1,5,1,0.0
3129.0,1200,3,5,1,0,0,0,0,0,0,8,0,1.0
907.0,1000,3,16,0,0,0,1,0,0,0,4,1,1.0
611.0,1500,4,5,1,0,0,0,0,0,0,4,0,1.0
1145.0,1800,8,0,1,0,0,0,0,0,1,15,0,1.0
703.0,1200,3,0,0,0,1,0,0,0,0,7,1,0.0
548.0,600,5,1,0,0,0,0,1,0,0,5,0,1.0
643.0,1000,1,2,1,0,0,0,0,0,1,5,0,1.0
1241.0,2000,3,0,0,0,0,1,0,0,1,5,1,1.0
1991.0,11000,5,101,0,0,1,0,0,0,1,10,0,1.0
517.0,1500,0,11,0,0,0,1,0,0,1,14,1,1.0
1206.0,1500,1,1,0,0,0,1,0,0,1,7,1,1.0
2280.0,3500,6,28,0,0,0,1,0,0,0,19,1,1.0
3301.0,300,1,0,0,0,0,0,1,0,0,9,0,1.0
46000.0,3000,5,217,1,0,0,0,0,0,0,20,1,1.0
81000.0,1000,4,214,1,0,0,0,0,0,1,9,1,1.0
49000.0,3000,7,130,1,0,0,0,0,0,1,18,1,1.0
14000.0,1333,4,160,0,0,1,0,0,0,0,10,1,0.0
12000.0,5000,5,151,0,0,1,0,0,0,0,11,1,1.0
4548.0,1750,2,178,0,0,0,0,1,0,1,16,1,1.0
31000.0,2300,5,177,0,0,0,0,1,0,1,5,1,1.0
7994.0,1000,4,262,0,1,0,0,0,0,0,14,0,1.0
37000.0,150,1,18,1,0,0,0,0,0,0,18,1,1.0
1722.0,1500,4,145,0,0,0,1,0,0,0,4,0,1.0
6086.0,150,1,27,1,0,0,0,0,0,0,14,0,1.0
7402.0,800,2,57,1,0,0,0,0,0,0,20,1,1.0
13000.0,2000,2,13,0,0,0,0,1,0,0,9,1,1.0
4967.0,800,4,48,0,0,0,0,0,1,0,8,1,1.0
2352.0,6000,6,50,0,0,0,0,0,1,0,19,1,1.0
2520.0,700,3,53,1,0,0,0,0,0,0,5,0,1.0
11000.0,500,2,48,0,0,0,1,0,0,1,9,1,1.0
3957.0,1800,5,26,0,0,0,1,0,0,0,16,0,1.0
6528.0,600,2,25,0,0,1,0,0,0,0,14,0,1.0
3593.0,600,3,34,0,0,0,0,0,1,0,15,1,1.0
5124.0,3500,2,35,0,0,0,0,1,0,1,7,1,0.0
2796.0,2500,3,53,0,0,0,1,0,0,0,18,1,1.0
23000.0,800,2,72,1,0,0,0,0,0,1,18,1,1.0
1033.0,400,1,20,1,0,0,0,0,0,1,8,0,1.0
7068.0,2650,6,157,0,0,0,1,0,0,0,19,1,1.0
5633.0,3000,5,78,0,0,0,0,1,0,1,13,1,0.0
1726.0,3000,2,0,0,0,0,1,0,0,1,7,1,1.0
1877.0,400,1,2,1,0,0,0,0,0,1,16,0,1.0
2430.0,400,2,3,0,0,0,0,1,0,1,5,0,1.0
2112.0,500,8,130,0,0,0,0,1,0,0,18,0,1.0
2847.0,4000,2,14,0,0,0,0,0,1,0,7,1,1.0
1838.0,6000,9,68,1,0,0,0,0,0,0,13,0,1.0
1016.0,5000,6,11,0,0,0,0,1,0,0,7,0,1.0
6107.0,1600,5,151,0,0,1,0,0,0,0,20,1,0.0
2404.0,1800,5,76,0,0,1,0,0,0,1,18,1,1.0
6387.0,1500,3,42,0,0,0,1,0,0,0,12,1,1.0
1801.0,1500,5,52,0,0,0,1,0,0,0,12,1,1.0
3619.0,3000,4,20,0,0,0,0,0,1,0,5,1,0.0
6399.0,3500,7,341,1,0,0,0,0,0,0,4,0,1.0
5610.0,3000,7,88,1,0,0,0,0,0,1,18,1,1.0
4030.0,150,1,4,0,0,0,1,0,0,1,10,0,1.0
5246.0,3200,9,294,0,1,0,0,0,0,1,19,1,1.0
7022.0,900,5,108,1,0,0,0,0,0,0,20,1,1.0
6764.0,1700,7,116,1,0,0,0,0,0,0,17,0,1.0
8241.0,14000,8,161,1,0,0,0,0,0,1,11,1,1.0
8395.0,3080,7,107,0,0,0,1,0,0,0,16,0,1.0
4644.0,1900,7,132,1,0,0,0,0,0,0,14,1,1.0
3417.0,3500,9,166,0,0,0,1,0,0,1,15,1,1.0
4286.0,2635,6,92,0,0,0,0,1,0,0,18,1,1.0
35000.0,2500,4,116,0,0,0,0,1,0,0,18,1,1.0
4009.0,5000,7,93,0,0,0,0,0,1,0,11,1,1.0
5629.0,3500,5,89,0,0,0,0,0,1,1,11,1,1.0
5608.0,3500,8,163,0,0,0,0,1,0,1,16,1,1.0
8500.0,4000,9,255,1,0,0,0,0,0,1,4,1,1.0
2898.0,2500,6,158,0,0,0,1,0,0,0,4,1,1.0
2637.0,1700,5,263,0,0,1,0,0,0,1,20,0,1.0
54000.0,1000,3,151,0,1,0,0,0,0,0,13,1,1.0
50000.0,4000,3,183,0,0,0,0,1,0,0,10,1,0.0
76000.0,500,2,200,0,0,0,0,1,0,1,12,1,1.0
7235.0,900,6,258,1,0,0,0,0,0,1,13,1,1.0
39000.0,5000,4,341,0,0,0,1,0,0,0,10,1,0.0
5666.0,2000,7,168,0,0,1,0,0,0,0,18,1,0.0
20000.0,500,1,141,1,0,0,0,0,0,0,13,1,1.0
7523.0,3500,4,161,0,1,0,0,0,0,1,9,0,1.0
4579.0,900,2,70,1,0,0,0,0,0,0,9,1,0.0
22000.0,600,2,75,1,0,0,0,0,0,1,19,0,1.0
11000.0,1299,3,368,0,0,0,0,1,0,1,16,0,1.0
39000.0,800,4,86,1,0,0,0,0,0,0,20,1,1.0
4818.0,800,4,36,1,0,0,0,0,0,1,13,1,1.0
6810.0,2500,7,141,0,0,0,1,0,0,1,13,0,1.0
13000.0,1000,2,4,0,0,1,0,0,0,0,5,0,1.0
9162.0,700,2,48,1,0,0,0,0,0,0,17,1,0.0
4273.0,4000,1,20,1,0,0,0,0,0,1,14,0,1.0
9099.0,800,2,61,1,0,0,0,0,0,1,13,1,1.0
4862.0,1800,3,77,0,0,0,0,0,1,1,10,1,0.0
3277.0,2500,4,300,0,0,1,0,0,0,0,6,1,1.0
47000.0,1222,3,26,0,0,1,0,0,0,1,10,1,1.0
13000.0,1500,3,96,0,0,1,0,0,0,1,9,1,1.0
4627.0,1000,2,60,1,0,0,0,0,0,1,17,1,1.0
3654.0,1800,4,89,0,0,0,0,0,1,0,13,0,1.0
3688.0,900,3,92,0,1,0,0,0,0,1,4,0,1.0
3191.0,500,3,109,0,0,0,0,0,1,0,17,0,1.0
3399.0,1200,4,57,1,0,0,0,0,0,0,8,0,1.0
3769.0,1000,4,24,0,0,0,0,0,1,1,18,0,1.0
8681.0,500,1,17,1,0,0,0,0,0,0,12,1,1.0
2162.0,500,1,18,1,0,0,0,0,0,1,9,0,1.0
3877.0,250,1,39,1,0,0,0,0,0,0,17,0,1.0
5198.0,3000,5,27,0,0,0,1,0,0,0,8,1,1.0
4505.0,3000,4,12,0,0,1,0,0,0,1,9,1,1.0
3464.0,1500,4,59,0,0,0,1,0,0,0,16,0,1.0
2259.0,400,2,8,0,0,0,1,0,0,0,19,1,0.0
2729.0,500,2,12,0,0,0,0,1,0,0,6,0,1.0
8611.0,600,2,49,1,0,0,0,0,0,1,3,0,1.0
3104.0,4000,4,63,0,0,0,0,1,0,0,17,1,1.0
1554.0,500,1,0,0,0,0,0,1,0,1,3,0,1.0
3560.0,2500,4,15,0,0,0,1,0,0,0,9,1,1.0
3112.0,1500,3,11,0,0,0,1,0,0,0,10,0,1.0
6683.0,3000,0,23,0,0,0,1,0,0,0,15,0,1.0
494.0,400,4,4,0,0,1,0,0,0,0,3,0,1.0
3241.0,1500,3,1,0,0,1,0,0,0,1,11,0,1.0
7749.0,2000,4,177,0,0,0,0,1,0,0,16,0,1.0
63000.0,2500,5,90,0,1,0,0,0,0,1,7,0,1.0
11000.0,1000,2,57,1,0,0,0,0,0,1,16,1,1.0
5723.0,1600,6,225,0,0,1,0,0,0,0,18,0,1.0
4175.0,2000,5,107,0,0,1,0,0,0,0,12,0,1.0
4764.0,3000,5,72,1,0,0,0,0,0,0,10,1,1.0
3546.0,2000,2,54,0,0,0,0,1,0,0,6,1,1.0
2908.0,3000,7,165,0,0,0,0,1,0,1,19,1,1.0
2125.0,140,1,50,1,0,0,0,0,0,0,7,0,1.0
5277.0,2000,3,224,0,1,0,0,0,0,0,34,1,0.0
4747.0,3780,5,493,0,1,0,0,0,0,0,18,0,1.0
1389.0,2000,4,72,0,0,0,0,0,1,0,16,0,1.0
2517.0,2100,4,34,1,0,0,0,0,0,1,8,1,0.0
4069.0,1000,3,113,0,0,0,0,0,1,1,20,1,1.0
4143.0,750,2,13,0,0,0,1,0,0,1,14,0,1.0
5016.0,3000,5,32,0,0,0,0,0,1,0,13,0,1.0
2533.0,1500,5,21,0,0,0,1,0,0,0,13,0,1.0
1534.0,3000,4,60,0,0,0,0,1,0,1,7,0,1.0
2239.0,2000,4,118,1,0,0,0,0,0,0,15,0,1.0
1024.0,954,1,0,1,0,0,0,0,0,0,8,1,0.0
16000.0,3600,9,173,0,0,0,0,1,0,1,12,0,1.0
9237.0,6000,7,790,1,0,0,0,0,0,1,24,1,1.0
8395.0,3080,7,107,0,0,0,1,0,0,0,16,0,1.0
4644.0,1900,7,132,1,0,0,0,0,0,0,14,1,1.0
12000.0,2068,5,126,1,0,0,0,0,0,1,20,1,0.0
7022.0,900,5,108,1,0,0,0,0,0,0,20,1,1.0
2637.0,1700,5,263,0,0,1,0,0,0,1,20,0,1.0
10000.0,2500,3,105,0,0,0,0,1,0,0,14,0,1.0
1903.0,200,1,14,0,0,1,0,0,0,0,7,0,1.0
9766.0,1000,3,103,0,1,0,0,0,0,0,13,0,1.0
7041.0,1500,2,124,1,0,0,0,0,0,0,8,1,1.0
6399.0,3500,7,341,1,0,0,0,0,0,0,4,0,1.0
7363.0,3000,8,266,0,0,0,0,1,0,0,19,1,1.0
5610.0,3000,7,88,1,0,0,0,0,0,1,18,1,1.0
3417.0,3500,9,166,0,0,0,1,0,0,1,15,1,1.0
6431.0,7000,8,183,0,0,0,0,1,0,0,14,0,1.0
4286.0,2635,6,92,0,0,0,0,1,0,0,18,1,1.0
5629.0,3500,5,89,0,0,0,0,0,1,1,11,1,1.0
8500.0,4000,9,255,1,0,0,0,0,0,1,4,1,1.0
4645.0,6000,8,251,1,0,0,0,0,0,0,12,0,1.0
6764.0,1700,7,116,1,0,0,0,0,0,0,17,0,1.0
1328.0,3000,5,64,0,0,1,0,0,0,1,15,1,1.0
5152.0,2000,4,61,0,0,0,0,1,0,0,11,0,1.0
13000.0,3000,3,290,1,0,0,0,0,0,1,13,1,1.0
32000.0,1000,2,219,1,0,0,0,0,0,1,13,1,1.0
23000.0,1200,4,113,0,0,0,0,0,1,0,20,1,1.0
36000.0,700,3,147,0,1,0,0,0,0,0,10,1,1.0
6994.0,1750,4,128,1,0,0,0,0,0,1,9,1,0.0
9648.0,2000,5,177,0,0,0,1,0,0,0,10,0,1.0
11000.0,1000,4,114,1,0,0,0,0,0,0,12,1,1.0
17000.0,1300,4,81,0,0,1,0,0,0,0,12,1,0.0
35000.0,575,3,101,0,0,0,0,0,1,1,9,0,1.0
13000.0,1000,6,104,0,1,0,0,0,0,1,18,1,1.0
6240.0,1500,4,136,1,0,0,0,0,0,0,6,0,1.0
8676.0,1000,5,70,0,0,0,0,1,0,0,15,1,1.0
444.0,700,3,115,0,1,0,0,0,0,0,18,1,1.0
4596.0,1500,2,287,0,0,0,0,0,1,0,20,0,1.0
11000.0,1500,3,43,0,0,0,1,0,0,0,17,1,1.0
2394.0,500,3,21,0,0,0,0,1,0,0,7,0,1.0
4324.0,1000,2,20,0,0,0,0,1,0,1,15,1,1.0
2635.0,1200,3,90,0,0,0,1,0,0,0,16,0,1.0
3803.0,1000,4,83,0,0,0,0,1,0,0,10,1,0.0
3208.0,1500,2,47,0,0,0,0,1,0,1,13,0,1.0
2410.0,1500,6,29,0,0,0,0,0,1,0,4,0,1.0
6866.0,1000,5,60,0,0,0,0,1,0,0,14,1,0.0
2694.0,200,1,7,0,1,0,0,0,0,0,7,0,1.0
3809.0,1500,3,87,0,0,0,1,0,0,0,5,1,0.0
2356.0,2800,1,13,0,0,0,0,0,1,0,6,0,1.0
2181.0,2000,4,39,0,0,0,0,1,0,1,4,0,1.0
2373.0,2000,2,34,1,0,0,0,0,0,0,15,1,1.0
1196.0,1000,0,17,0,0,0,0,0,1,1,15,1,1.0
2871.0,200,1,38,0,0,1,0,0,0,0,19,0,1.0
5327.0,1200,5,173,1,0,0,0,0,0,0,11,1,1.0
3168.0,1400,6,67,1,0,0,0,0,0,0,15,1,0.0
4519.0,1800,5,182,0,0,0,0,0,1,0,19,0,1.0
3869.0,2300,5,123,0,0,0,0,0,1,0,15,0,1.0
7363.0,3000,8,266,0,0,0,0,1,0,0,19,1,1.0
1615.0,290,2,40,0,0,0,0,0,1,1,5,0,1.0
3201.0,1900,5,98,0,0,0,0,0,1,1,10,1,0.0
3482.0,1800,6,125,1,0,0,0,0,0,1,4,0,1.0
6431.0,7000,8,183,0,0,0,0,1,0,0,14,0,1.0
5633.0,3000,5,78,0,0,0,0,1,0,1,13,1,0.0
4009.0,5000,7,93,0,0,0,0,0,1,0,11,1,1.0
5608.0,3500,8,163,0,0,0,0,1,0,1,16,1,1.0
5428.0,1700,6,43,0,0,0,0,1,0,0,20,1,1.0
1298.0,900,2,19,0,1,0,0,0,0,0,15,1,0.0
6764.0,1700,7,116,1,0,0,0,0,0,0,17,0,1.0
5615.0,2000,3,19,0,0,1,0,0,0,0,15,0,1.0
1838.0,6000,9,68,1,0,0,0,0,0,0,13,0,1.0
29000.0,1200,3,19,0,0,1,0,0,0,0,7,0,1.0
9423.0,200,6,62,0,0,0,0,1,0,1,14,1,1.0
3737.0,5500,9,229,1,0,0,0,0,0,1,13,0,1.0
1379.0,2000,7,1,0,0,0,0,0,1,0,20,1,0.0
4285.0,1000,5,24,0,0,1,0,0,0,0,8,0,1.0
1763.0,3000,8,13,0,0,0,0,0,1,1,7,1,0.0
2623.0,3800,8,0,0,0,1,0,0,0,0,18,1,0.0
733.0,400,2,2,1,0,0,0,0,0,0,6,0,1.0
411.0,800,2,1,1,0,0,0,0,0,0,5,1,0.0
415.0,2000,4,9,0,0,0,1,0,0,1,16,0,1.0
1195.0,500,1,12,0,0,0,0,0,1,0,8,1,1.0
1021.0,1000,5,2,0,0,1,0,0,0,0,4,0,1.0
524.0,500,2,0,0,0,0,0,0,1,1,5,1,1.0
517.0,1500,0,11,0,0,0,1,0,0,1,14,1,1.0
8798.0,1750,4,60,0,0,0,1,0,0,0,7,1,1.0
4766.0,500,2,12,1,0,0,0,0,0,0,13,1,1.0
11000.0,200,1,9,1,0,0,0,0,0,1,18,0,1.0
15000.0,200,1,12,0,1,0,0,0,0,1,19,0,1.0
9595.0,350,1,17,0,0,0,0,1,0,1,13,0,1.0
4461.0,800,3,14,0,0,0,1,0,0,0,20,0,1.0
2277.0,1000,2,2,0,0,1,0,0,0,0,16,0,1.0
40000.0,1000,3,1,0,0,1,0,0,0,0,14,0,1.0
